Symbol,Name,Type,Price,Change,ChangePercent,DivYield,GrowthRate,PERatio,MarketCap,Volume,AvgVolume,High52w,Low52w,DayHigh,DayLow,Open,PreviousClose,EPS,UpdatedAt
AAPL,"Apple Inc.",STOCK,292.68,-0.576996,-0.20,0.35,0,35.48,4298695245824,39366022,53523690,294.76,193.46,293.88,290.23,291.979,293.257,8.25,2026-05-12T05:52:31.176Z
MSFT,"Microsoft Corporation",STOCK,412.66,-2.39999,-0.58,0.86,0,24.56,3065418088448,34355600,35900340,555.45,356.28,412.69,405.5,407.775,415.06,16.8,2026-05-12T05:52:31.177Z
NVDA,"NVIDIA Corporation",STOCK,219.44,4.22301,1.96,0.02,0,44.88,5333489549312,156887900,154981930,222.3,124.47,222.3,213.89,213.93,215.217,4.89,2026-05-12T05:52:31.177Z
GOOGL,"Alphabet Inc.",STOCK,388.64,-12.073,-3.01,0.21,0,29.67,4708546117632,30604818,32341670,402,156.16,397.44,388.48,393.92,400.713,13.1,2026-05-12T05:52:31.177Z
AMZN,"Amazon.com  Inc.",STOCK,268.99,-3.69,-1.35,0.00,0,32.14,2893554909184,37729894,51065530,278.56,196,273.63,268.49,269.835,272.68,8.37,2026-05-12T05:52:31.177Z
META,"Meta Platforms  Inc.",STOCK,598.86,-10.77,-1.77,0.34,0,21.78,1520160079872,14880586,19871110,796.25,520.26,604.9069,598.0801,604.57,609.63,27.49,2026-05-12T05:52:31.177Z
TSLA,"Tesla  Inc.",STOCK,445,16.65,3.89,0.00,0,415.89,1671297105920,75805866,57016690,498.83,273.21,449.16,416.8,422.16,428.35,1.07,2026-05-12T05:52:31.177Z
BRK.B,"BRK.B",STOCK,0,0,0.00,0.00,0,0.00,0,0,0,0,0,0,0,0,0,0,2026-05-12T05:52:31.177Z
V,"Visa Inc.",STOCK,323.86,5.06998,1.59,0.82,0,28.26,615898677248,9582983,8660150,375.51,293.89,325.18,318.1,319.1,318.79,11.46,2026-05-12T05:52:31.177Z
JNJ,"Johnson & Johnson",STOCK,221.43,0.109985,0.05,2.35,0,25.63,533030010880,3625123,7002860,251.71,146.12,223.25,220.3701,221.32,221.32,8.64,2026-05-12T05:52:31.177Z
WMT,"Walmart Inc.",STOCK,127.59,-2.84,-2.18,0.72,0,46.74,1017018646528,18345847,14906120,134.69,91.89,130.5921,126.38,130.11,130.43,2.73,2026-05-12T05:52:31.177Z
PG,"Procter & Gamble Company (The)",STOCK,143.36,-3.06,-2.09,2.89,0,20.96,333827964928,6951682,8275280,170.99,137.62,145.945,141.97,145.79,146.42,6.84,2026-05-12T05:52:31.177Z
MA,"Mastercard Incorporated",STOCK,497.81,2.32999,0.47,0.66,0,28.83,439856889856,3151612,4634290,601.77,480.5,501.655,492.01,495,495.48,17.27,2026-05-12T05:52:31.177Z
HD,"Home Depot  Inc. (The)",STOCK,311.4,-6.05002,-1.91,2.91,0,21.88,310163013632,4311786,4859360,426.75,309.71,317.12,309.71,316.5,317.45,14.23,2026-05-12T05:52:31.177Z
MRK,"Merck & Company  Inc.",STOCK,111.28,-0.0999985,-0.09,2.94,0,31.35,274842075136,7558654,8963910,125.14,73.31,113.68,111.01,112.153,111.38,3.55,2026-05-12T05:52:31.177Z
PFE,"Pfizer  Inc.",STOCK,25.81,0.129999,0.51,6.70,0,19.70,147102646272,43075143,41977640,28.75,21.97,26.18,25.68,25.79,25.68,1.31,2026-05-12T05:52:31.177Z
KO,"Coca-Cola Company (The)",STOCK,78.66,0.240005,0.31,2.63,0,24.74,338433277952,7960816,15500420,82,65.35,78.73,77.8423,78.16,78.42,3.18,2026-05-12T05:52:31.177Z
NFLX,"Netflix  Inc.",STOCK,85.45,-2.027,-2.32,0.00,0,27.56,359812726784,39913690,35801240,134.115,75.01,87.34,85.1,86.52,87.477,3.1,2026-05-12T05:52:31.177Z
COST,"Costco Wholesale Corporation",STOCK,999.47,-9.32001,-0.92,0.52,0,52.08,443417395200,2049433,1827780,1067.08,844.06,1007,985.15,1005.82,1008.79,19.19,2026-05-12T05:52:31.177Z
CRM,"Salesforce  Inc.",STOCK,177.49,-4.33,-2.38,0.92,0,22.78,145196367872,8304511,11202530,296.05,163.52,182.5,176.31,179.905,181.82,7.79,2026-05-12T05:52:31.177Z
DIS,"Walt Disney Company (The)",STOCK,104.72,-3.3,-3.05,1.39,0,16.76,181847490560,8566112,10627740,124.69,92.19,108.38,104.38,108,108.02,6.25,2026-05-12T05:52:31.177Z
CSCO,"Cisco Systems  Inc.",STOCK,98.72,2.15,2.23,1.70,0,35.51,389933465600,30263421,19681190,98.83,60.85,98.83,95.325,96.35,96.57,2.78,2026-05-12T05:52:31.177Z
PEP,"Pepsico  Inc.",STOCK,149.41,-5.20999,-3.37,3.68,0,23.49,204234653696,8365711,5533170,171.48,127.6,154.7,149.06,154.39,154.62,6.36,2026-05-12T05:52:31.177Z
ABT,"Abbott Laboratories",STOCK,82.56,-1.76,-2.09,2.89,0,23.13,143804088320,16242509,13788680,139.06,81.97,84.425,81.97,84.44,84.32,3.57,2026-05-12T05:52:31.177Z
LLY,"Eli Lilly and Company",STOCK,966.99,18.54,1.95,0.66,0,34.36,862304993280,2414984,4019740,1133.95,623.78,995,943.26,949,948.45,28.14,2026-05-12T05:52:31.177Z
MCD,"McDonald's Corporation",STOCK,274.6,-1.14999,-0.42,2.63,0,22.62,195104915456,5012811,4654660,341.75,271.975,276.73,271.975,275.83,275.75,12.14,2026-05-12T05:52:31.177Z
ORCL,"Oracle Corporation",STOCK,193.84,-2.11,-1.08,1.02,0,34.86,557492731904,16547357,25590630,345.72,134.57,195.6822,190.6,192.15,195.95,5.56,2026-05-12T05:52:31.177Z
AVGO,"Broadcom Inc.",STOCK,428.43,-1.57001,-0.37,0.58,0,83.35,2028473942016,16711896,19429580,437.68,221.6,433.6463,425.0501,427.615,430,5.14,2026-05-12T05:52:31.177Z
ACN,"Accenture plc",STOCK,172.35,-8.06999,-4.47,3.53,0,14.13,106070245376,4582827,5402340,325.71,172.22,181.19,172.22,180.49,180.42,12.2,2026-05-12T05:52:31.177Z
AXP,"American Express Company",STOCK,312.32,-3.70999,-1.17,1.08,0,19.50,213104214016,3079856,3772850,387.49,281.46,316.3999,311.81,315.29,316.03,16.02,2026-05-12T05:52:31.177Z
QCOM,"QUALCOMM Incorporated",STOCK,237.53,18.44,8.42,1.62,0,25.51,250356613120,44023677,36461930,247.9,121.99,247.898,231.2,232.005,219.09,9.31,2026-05-12T05:52:31.177Z
CVX,"Chevron Corporation",STOCK,184.74,3.12001,1.72,3.80,0,32.13,367927754752,11788633,10358330,214.71,133.77,185.19,183,183,181.62,5.75,2026-05-12T05:52:31.177Z
IBM,"International Business Machines",STOCK,223.55,-6.20999,-2.70,2.92,0,19.80,210111365120,6662905,5485670,324.9,220.72,230.23,222.55,228.66,229.76,11.29,2026-05-12T05:52:31.177Z
CAT,"Caterpillar  Inc.",STOCK,926.79,29.34,3.27,0.67,0,46.09,426872012800,2744706,2803250,931.35,336.24,928.9999,895.17,903.61,897.45,20.11,2026-05-12T05:52:31.177Z
INTU,"Intuit Inc.",STOCK,393.29,-3.01999,-0.76,1.13,0,25.57,109442416640,1616450,2153900,813.7,342.11,400.08,389.0001,392.52,396.31,15.38,2026-05-12T05:52:31.177Z
TXN,"Texas Instruments Incorporated",STOCK,297.76,9.96002,3.46,1.93,0,50.99,270989246464,8976969,7998550,298.18,152.73,298.18,289,291.285,287.8,5.84,2026-05-12T05:52:31.177Z
AMGN,"Amgen Inc.",STOCK,329.59,-2.11002,-0.64,2.91,0,22.94,177978605568,1918270,2964230,391.29,261.43,334.19,327.62,332.99,331.7,14.37,2026-05-12T05:52:31.177Z
TMUS,"T-Mobile US  Inc.",STOCK,190.85,-2.78,-1.44,2.03,0,20.28,206538768384,4441873,5585320,261.56,181.36,193.63,189.465,192.34,193.63,9.41,2026-05-12T05:52:31.177Z
HON,"Honeywell International Inc.",STOCK,219.11,5.99001,2.81,2.18,0,34.95,138839736320,4319037,3681550,248.18,186.76,221,214.87,214.87,213.12,6.27,2026-05-12T05:52:31.177Z
ISRG,"Intuitive Surgical  Inc.",STOCK,420.06,-30,-6.67,0.00,0,51.04,148769652736,4024651,2208510,603.88,417.74,448.75,417.74,446.91,450.06,8.23,2026-05-12T05:52:31.177Z
ELV,"Elevance Health  Inc.",STOCK,381.75,3.67999,0.97,1.81,0,16.18,82901737472,1947408,1507360,412.96,273.71,382.49,373.165,379.8,378.07,23.59,2026-05-12T05:52:31.177Z
PM,"Philip Morris International Inc",STOCK,182.11,11.12,6.50,3.37,0,25.65,283829141504,5360005,4613390,191.3,142.11,182.28,173,173.04,170.99,7.1,2026-05-12T05:52:31.177Z
AMAT,"Applied Materials  Inc.",STOCK,443.62,8.26248,1.90,0.42,0,45.45,352061194240,7225052,6984160,448.45,153.47,448.45,437.27,439.245,435.3575,9.76,2026-05-12T05:52:31.177Z
LRCX,"Lam Research Corporation",STOCK,296.05,2,0.68,0.34,0,55.86,370231541760,8257887,10032780,300,79.49,300,292.675,292.675,294.05,5.3,2026-05-12T05:52:31.177Z
PANW,"Palo Alto Networks  Inc.",STOCK,213.66,5.78,2.78,0.00,0,119.36,173278265344,9385496,6858020,223.61,139.57,214.27,205.65,207.82,207.88,1.79,2026-05-12T05:52:31.177Z
AMD,"Advanced Micro Devices  Inc.",STOCK,458.79,3.60001,0.79,0.00,0,153.96,748103270400,45036766,50707860,469.22,107.67,469.215,450.88,460.55,455.19,2.98,2026-05-12T05:52:31.177Z
BKNG,"Booking Holdings Inc. Common St",STOCK,157.8,-8.194,-4.94,0.95,0,20.79,122275823616,9071584,8745820,233.5764,150.618,165.31,156.09,164.095,165.994,7.59,2026-05-12T05:52:31.177Z
MSCI,"MSCI Inc.",STOCK,584.63,-0.789978,-0.13,1.27,0,33.45,42518732800,664602,607350,626.28,501.08,588.02,578.17,582.74,585.42,17.48,2026-05-12T05:52:31.177Z
GILD,"Gilead Sciences  Inc.",STOCK,133.52,2.19,1.67,2.43,0,18.19,165774426112,5383987,6608530,157.29,97.86,134.8599,130.98,131.01,131.33,7.34,2026-05-12T05:52:31.177Z
MAR,"Marriott International",STOCK,353.32,0.140015,0.04,0.76,0,37.04,93166469120,1726375,1432340,380,253.56,353.53,348.145,350.54,353.18,9.54,2026-05-12T05:52:31.177Z
ADBE,"Adobe Inc.",STOCK,246.15,-6.89,-2.72,0.00,0,14.34,99493830656,3111846,4281190,422.95,224.13,255.41,244.691,250.53,253.04,17.16,2026-05-12T05:52:32.796Z
KLAC,"KLA Corporation",STOCK,1845.19,-24,-1.28,0.41,0,52.23,241032593408,1210800,1218120,1939.36,740.44,1897.27,1843.589,1852.75,1869.19,35.33,2026-05-12T05:52:32.796Z
ASML,"ASML Holding N.V. - New York Re",STOCK,1565.81,-26.21,-1.65,0.37,0,51.29,603490877440,2187804,1719870,1595.31,683.48,1567.99,1521.845,1558.075,1592.02,30.53,2026-05-12T05:52:32.796Z
GE,"GE Aerospace",STOCK,300.77,3.62,1.22,0.52,0,37.32,314253410304,3576983,6531580,348.48,219.3,303.055,292.85,296.03,297.15,8.06,2026-05-12T05:52:32.796Z
ABNB,"Airbnb  Inc.",STOCK,137.05,-4.44,-3.14,0.00,0,33.76,81479688192,5131804,4397950,147.25,110.81,146.2799,136.905,142.02,141.49,4.06,2026-05-12T05:52:32.796Z
REGN,"Regeneron Pharmaceuticals  Inc.",STOCK,712.77,-2.12,-0.30,0.50,0,17.39,74726121472,982311,867000,821.11,476.49,727.385,702,716,714.89,40.98,2026-05-12T05:52:32.796Z
NOW,"ServiceNow  Inc.",STOCK,91.49,0.309998,0.34,0.00,0,54.46,94354366464,21059507,22621090,211.478,81.24,94.75,90.47,91.04,91.18,1.68,2026-05-12T05:52:32.796Z
SCHW,"Charles Schwab Corporation (The",STOCK,87.83,-0.779999,-0.88,1.28,0,17.46,152748277760,9539628,9264030,107.5,85.11,88.865,87.61,88.62,88.61,5.03,2026-05-12T05:52:32.796Z
VRTX,"Vertex Pharmaceuticals Incorpor",STOCK,435.17,5.35001,1.24,0.00,0,25.84,110448508928,1264096,1164380,507.92,362.5,442.155,428.5,429.99,429.82,16.84,2026-05-12T05:52:32.796Z
ODFL,"Old Dominion Freight Line  Inc.",STOCK,195.12,-3.21001,-1.62,0.57,0,40.65,40578772992,1160753,2433040,233.79,126.01,198.045,193.8,197.71,198.33,4.8,2026-05-12T05:52:32.796Z
SPGI,"S&P Global Inc.",STOCK,421,0.880005,0.21,0.92,0,26.60,124615999488,2100334,1873540,579.05,381.61,422.7,416.89,417.95,420.12,15.83,2026-05-12T05:52:32.796Z
MSTR,"Strategy Inc",STOCK,195.94,8.35001,4.45,0.00,0,0.00,68666757120,14530263,15905520,457.22,104.17,197,182.31,189.25,187.59,-36.99,2026-05-12T05:52:32.796Z
SNPS,"Synopsys  Inc.",STOCK,516.19,-0.289978,-0.06,0.00,0,79.41,98882404352,1309478,1492820,651.73,376.18,519.71,512,513.85,516.48,6.5,2026-05-12T05:52:32.796Z
CDNS,"Cadence Design Systems  Inc.",STOCK,364.2,1.5,0.41,0.00,0,84.70,100452188160,2641874,2610740,376.45,262.75,365,358.03,358.76,362.7,4.3,2026-05-12T05:52:32.796Z
SYK,"Stryker Corporation",STOCK,282.58,-2.89001,-1.01,1.21,0,32.67,108223684608,2142000,2916880,404.87,281,286.34,281,285.56,285.47,8.65,2026-05-12T05:52:32.796Z
EQIX,"Equinix  Inc.",STOCK,1086.22,14.14,1.32,1.79,0,75.17,107127627776,299907,608440,1128.68,710.52,1094.85,1071.3268,1072.61,1072.08,14.45,2026-05-12T05:52:32.796Z
NTES,"NetEase  Inc.",STOCK,116.21,0.299995,0.26,3.59,0,15.07,74156867584,595839,777340,159.55,105,117.385,116.04,116.32,115.91,7.71,2026-05-12T05:52:32.796Z
ORLY,"O'Reilly Automotive  Inc.",STOCK,91.35,-1.61,-1.73,0.00,0,29.76,75703123968,7578431,6037610,108.72,86.77,92.41,90.31,92.39,92.96,3.07,2026-05-12T05:52:32.796Z
SPLK,"SPLK",STOCK,0,0,0.00,0.00,0,0.00,0,0,0,0,0,0,0,0,0,0,2026-05-12T05:52:32.796Z
MU,"Micron Technology  Inc.",STOCK,795.33,48.54,6.50,0.07,0,37.50,896920715264,69115976,50707630,818.67,90.93,818.67,768.68,792.77,746.79,21.21,2026-05-12T05:52:32.796Z
VRSK,"Verisk Analytics  Inc.",STOCK,168.57,-3.29999,-1.92,1.08,0,25.66,22086352896,1421734,2115170,322.92,161.7,171.87,166.69,170.64,171.87,6.57,2026-05-12T05:52:32.796Z
ALGN,"Align Technology  Inc.",STOCK,164.61,-4.17,-2.47,0.00,0,27.71,11789060096,1062272,1079890,208.31,122,169.66,162.72,168.88,168.78,5.94,2026-05-12T05:52:32.796Z
MNST,"Monster Beverage Corporation",STOCK,86.41,0.103004,0.12,0.00,0,41.74,84509687808,7353687,5920030,88.77,58.09,86.45,83.265,85.01,86.307,2.07,2026-05-12T05:52:32.796Z
ROST,"Ross Stores  Inc.",STOCK,214.55,-11.26,-4.99,0.72,0,32.46,69395111936,4305309,2471560,231.16,124.49,226.405,211.02,226.39,225.81,6.61,2026-05-12T05:52:32.796Z
VSAT,"ViaSat  Inc.",STOCK,73.07,3.06,4.37,0.00,0,0.00,9925200896,1870353,1553000,74.25,8.61,74.25,71.25,71.32,70.01,-2.6,2026-05-12T05:52:32.796Z
ENPH,"Enphase Energy  Inc.",STOCK,37.65,1.2,3.29,0.00,0,37.28,4962203136,6499819,7661170,52.93,25.78,39.41,36.54,36.58,36.45,1.01,2026-05-12T05:52:32.796Z
SMCI,"Super Micro Computer  Inc.",STOCK,33.52,-1.85,-5.23,0.00,0,17.64,20128153600,39239560,45909520,62.36,19.48,36.37,33.44,35.08,35.37,1.9,2026-05-12T05:52:32.796Z
TRGP,"Targa Resources  Inc.",STOCK,253.18,5.06,2.04,1.71,0,25.83,54343540736,1037654,1244270,261.95,144.14,255.93,248.45,249.63,248.12,9.8,2026-05-12T05:52:32.796Z
AXON,"Axon Enterprise  Inc.",STOCK,394.36,-9.18002,-2.27,0.00,0,159.02,31786235904,1372708,1379160,885.92,339.01,400.185,379.19,394.13,403.54,2.48,2026-05-12T05:52:32.796Z
TEAM,"Atlassian Corporation",STOCK,87.31,-4.29,-4.68,0.00,0,0.00,22156470272,7820796,11189240,232.36,56.01,92.43,84.9,90.24,91.6,-0.82,2026-05-12T05:52:32.796Z
CPRT,"Copart  Inc.",STOCK,33.27,-0.669998,-1.97,0.00,0,20.92,32049270784,5209464,6396560,63.85,32.2,33.877,33.125,33.78,33.94,1.59,2026-05-12T05:52:32.796Z
DECK,"Deckers Outdoor Corporation",STOCK,96.65,-3.77,-3.75,0.00,0,13.73,13719464960,2066149,1868700,131.58,78.91,99.41,96.285,99.41,100.42,7.04,2026-05-12T05:52:32.796Z
GOOG,"Alphabet Inc.",STOCK,386.77,-10.28,-2.59,0.21,0,29.50,4685890060288,16189009,21531390,398.37,157.58,394.33,386.32,390.69,397.05,13.11,2026-05-12T05:52:32.796Z
DASH,"DoorDash  Inc.",STOCK,157.33,-6.59999,-4.03,0.00,0,74.56,68551626752,4350821,5520600,285.5,143.3,162.85,156.65,162.34,163.93,2.11,2026-05-12T05:52:32.796Z
TTWO,"Take-Two Interactive Software  ",STOCK,221.47,1.02,0.46,0.00,0,0.00,41010806784,2057738,1535320,264.79,187.63,224.9273,219.04,221,220.45,-22.57,2026-05-12T05:52:32.796Z
CHTR,"Charter Communications  Inc.",STOCK,147.79,-7.07001,-4.57,0.00,0,4.00,20864749568,3454094,3819700,437.06,146.46,154.02,146.46,154.01,154.86,36.96,2026-05-12T05:52:32.796Z
CTSH,"Cognizant Technology Solutions ",STOCK,49.25,-2.43,-4.70,2.48,0,10.68,23295250432,7053518,7509770,87.03,49.03,51.44,49.03,51.32,51.68,4.61,2026-05-12T05:52:32.796Z
DDOG,"Datadog  Inc.",STOCK,202.32,2.16,1.08,0.00,0,532.42,72017870848,7712810,8631240,203.58,98.01,203.5,193.16,195.99,200.16,0.38,2026-05-12T05:52:32.796Z
CRWD,"CrowdStrike Holdings  Inc.",STOCK,542.26,14.49,2.75,0.00,0,0.00,138024976384,2784594,2630290,566.9,342.72,542.67,522,523.78,527.77,-0.65,2026-05-12T05:52:32.796Z
TPG,"TPG Inc.",STOCK,43.59,-1.03,-2.31,5.02,0,189.52,16752175104,1873921,2912470,70.38,36.95,44.6,43.35,43.91,44.62,0.23,2026-05-12T05:52:32.796Z
PAYX,"Paychex  Inc.",STOCK,93.88,-0.0500031,-0.05,0.00,0,20.72,33636345856,3372138,3118880,161.24,85.45,94.37,92.4517,93.09,93.93,4.53,2026-05-12T05:52:32.796Z
CARR,"Carrier Global Corporation",STOCK,65.88,-0.950005,-1.42,1.39,0,43.92,54718636032,3556319,7609320,81.09,50.24,67,65.64,66.87,66.83,1.5,2026-05-12T05:52:32.796Z
KKR,"KKR & Co. Inc.",STOCK,99.46,-3.06,-2.98,0.73,0,33.83,92740632576,4493999,4865340,153.87,82.67,102.99,98.635,101,102.52,2.94,2026-05-12T05:52:32.796Z
COIN,"Coinbase Global  Inc.",STOCK,216.6,15.44,7.68,0.00,0,79.34,57065603072,13597486,9825030,444.65,139.36,217.845,192.81,200,201.16,2.73,2026-05-12T05:52:32.796Z
URI,"United Rentals  Inc.",STOCK,938.15,1.15002,0.12,0.78,0,23.98,58771869696,322202,535270,1021.47,681.98,944.175,931.45,938.4,937,39.12,2026-05-12T05:52:32.796Z
UBER,"Uber Technologies  Inc.",STOCK,76.15,0.700005,0.93,0.00,0,18.90,155010859008,18968674,19198160,101.99,68.46,77.0157,75.1,75.5,75.45,4.03,2026-05-12T05:52:32.796Z
ROKU,"Roku  Inc.",STOCK,128.07,-1.45999,-1.13,0.00,0,95.57,18915139584,2067108,3346510,131.39,67.668,131.39,127.51,129.83,129.53,1.34,2026-05-12T05:52:32.796Z
ANET,"Arista Networks  Inc.",STOCK,136.43,-5.34001,-3.77,0.00,0,46.88,171788468224,18433548,14303450,179.8,83.858,142.62,135.13,141.4,141.77,2.91,2026-05-12T05:52:32.796Z
LITE,"Lumentum Holdings Inc.",STOCK,1053.09,149.66,16.57,0.00,0,185.08,81930395648,9401821,6810440,1073.33,71.04,1073.33,950.25,950.25,903.43,5.69,2026-05-12T05:52:34.401Z
RBLX,"Roblox Corporation",STOCK,41.31,-0.599998,-1.43,0.00,0,0.00,29577082880,14315328,18358210,150.59,40.95,42.38,40.99,41.265,41.91,-1.57,2026-05-12T05:52:34.401Z
ZM,"Zoom Communications  Inc.",STOCK,107.12,-2.09,-1.91,0.00,0,17.33,31572713472,3977755,5220080,111.56,69.15,111.56,105.46,109.305,109.21,6.18,2026-05-12T05:52:34.401Z
DKNG,"DraftKings Inc.",STOCK,24.51,-1.01,-3.96,0.00,0,272.33,12160117760,13579105,13130730,48.78,20.46,25.19,24.11,25.18,25.52,0.09,2026-05-12T05:52:34.401Z
LYFT,"Lyft  Inc.",STOCK,13.87,-0.498,-3.47,0.00,0,2.03,5266196480,14550156,15504320,25.54,12.46,14.835,13.83,14.31,14.368,6.84,2026-05-12T05:52:34.401Z
PENN,"PENN Entertainment  Inc.",STOCK,15.94,-0.8,-4.78,0.00,0,0.00,2133463168,2641783,3531780,20.61,11.65,16.59,15.87,16.51,16.74,-6.58,2026-05-12T05:52:34.401Z
IAC,"IAC Inc.",STOCK,41.59,-2.47,-5.61,0.00,0,25.52,3093466624,1361073,1794870,45.82,29.56,43.915,41.58,43.77,44.06,1.63,2026-05-12T05:52:34.401Z
PINS,"Pinterest  Inc.",STOCK,20.76,-0.51,-2.40,0.00,0,43.25,11628865536,11976226,24527440,39.93,13.84,21.35,20.48,20.95,21.27,0.48,2026-05-12T05:52:34.401Z
ETSY,"Etsy  Inc.",STOCK,59.86,-4.52,-7.02,0.00,0,22.93,5680488448,3193081,4065640,76.515,44,62.5,59.49,62.04,64.38,2.61,2026-05-12T05:52:34.401Z
DOCU,"DocuSign  Inc.",STOCK,45.49,-2.41,-5.03,0.00,0,30.74,8838316032,3884288,2956080,94.67,40.16,48.385,45.265,47.31,47.9,1.48,2026-05-12T05:52:34.401Z
OKTA,"Okta  Inc.",STOCK,81.69,-2.21,-2.63,0.00,0,62.36,14324051968,2289904,2667670,127.567,62.66,84.6999,81.13,82.88,83.9,1.31,2026-05-12T05:52:34.401Z
ZOOM,"ZOOM",STOCK,0,0,0.00,0.00,0,0.00,0,0,0,0,0,0,0,0,0,0,2026-05-12T05:52:34.401Z
SNOW,"Snowflake Inc.",STOCK,151.5,-0.949997,-0.62,0.00,0,0.00,52373549056,4343366,7078700,280.67,118.3,154.8499,148.16,150.16,152.45,-3.95,2026-05-12T05:52:34.401Z
NET,"Cloudflare  Inc.",STOCK,193.52,-2.61,-1.33,0.00,0,0.00,68402786304,6495919,6077010,260,143,204.2699,192.5012,195.395,196.13,-0.25,2026-05-12T05:52:34.401Z
LCID,"Lucid Group  Inc.",STOCK,6.03,-0.31,-4.89,0.00,0,0.00,2353248512,19650018,18572460,33.7,5.62,6.2241,5.83,6.22,6.34,-13.14,2026-05-12T05:52:34.401Z
NIO,"NIO Inc.",STOCK,6.07,0.22,3.76,0.00,0,0.00,15209399296,30565887,31194120,8.02,3.34,6.14,5.87,5.87,5.85,-1.01,2026-05-12T05:52:34.401Z
XPEV,"XPeng Inc.",STOCK,16.15,0.53,3.39,0.00,0,0.00,15435373568,7270891,5791760,28.235,15.38,16.4,15.96,15.94,15.62,-0.18,2026-05-12T05:52:34.401Z
LI,"Li Auto Inc.",STOCK,18.87,0.870001,4.83,0.00,0,117.94,19259936768,5292958,2667940,32.025,15.71,19.15,18.75,18.77,18,0.16,2026-05-12T05:52:34.401Z
UPST,"Upstart Holdings  Inc.",STOCK,28.69,-0.269999,-0.93,0.00,0,69.98,2745965056,3713343,5369380,87.3,23.965,29.155,28.17,28.44,28.96,0.41,2026-05-12T05:52:34.401Z
SOFI,"SoFi Technologies  Inc.",STOCK,16.26,0.51,3.24,0.00,0,36.13,20857372672,69248165,80353550,32.73,12.74,16.32,15.7703,15.773,15.75,0.45,2026-05-12T05:52:34.401Z
PLTR,"Palantir Technologies Inc.",STOCK,136.89,-0.910004,-0.66,0.00,0,153.81,328168046592,41029869,47271300,207.52,118.93,137.14,132.771,134.9,137.8,0.89,2026-05-12T05:52:34.401Z
GME,"GameStop Corporation",STOCK,23.17,-1.11,-4.57,0.00,0,30.09,10388852736,12097999,13732760,35.81,19.93,24.37,23.1,24.2,24.28,0.77,2026-05-12T05:52:34.401Z
AMC,"AMC Entertainment Holdings  Inc",STOCK,1.41,-0.09,-6.00,0.00,0,0.00,1045868288,20051542,29741190,4.08,0.93,1.51,1.41,1.48,1.5,-1.09,2026-05-12T05:52:34.401Z
BBBY,"Bed Bath & Beyond  Inc.",STOCK,4.9,-0.4,-7.55,0.00,0,0.00,362298624,2305705,7278540,12.65,4.26,5.25,4.895,5.15,5.3,-0.91,2026-05-12T05:52:34.401Z
SIRI,"SiriusXM Holdings Inc.",STOCK,26.785,-0.315001,-1.16,3.99,0,11.35,9016365056,3819758,5097760,28.77,19.77,27.475,26.7,27,27.1,2.36,2026-05-12T05:52:34.401Z
AAL,"American Airlines Group  Inc.",STOCK,12.79,-0.56,-4.19,0.00,0,41.26,8459116032,45851282,51097590,16.5,10.09,13.1,12.73,13.005,13.35,0.31,2026-05-12T05:52:34.401Z
DAL,"Delta Air Lines  Inc.",STOCK,71.2,-2.13,-2.90,1.02,0,10.39,46777995264,6675359,7693140,76.39,45.28,73.06,71.09,73.05,73.33,6.85,2026-05-12T05:52:34.401Z
UAL,"United Airlines Holdings  Inc.",STOCK,96.62,-2.96,-2.97,0.00,0,8.64,31359928320,4100150,5893110,119.21,71.55,98.88,96.46,98.74,99.58,11.18,2026-05-12T05:52:34.401Z
SPY,"State Street SPDR S&P 500 ETF T",STOCK,739.3,1.67999,0.23,0.77,0,27.77,0,42681326,48033710,740.79,575.6,740.75,736.45,736.45,737.62,26.619165,2026-05-12T05:52:34.401Z
QQQ,"Invesco QQQ Trust  Series 1",STOCK,713.29,2.22699,0.31,0.25,0,34.80,0,35673639,38009690,714.59,505.58,714.59,708.91,710.36,711.063,20.499617,2026-05-12T05:52:34.401Z
IVV,"iShares Core S&P 500 ETF",STOCK,742.75,1.78003,0.24,0.77,0,27.76,0,3503210,5630060,744.22,578.31,744.22,739.96,739.92,740.97,26.759914,2026-05-12T05:52:34.401Z
VOO,"Vanguard S&P 500 ETF",STOCK,679.52,1.48004,0.22,0.80,0,29.34,0,5502008,5694870,681.06,529.11,681.03,677.08,677.08,678.04,23.161484,2026-05-12T05:52:34.401Z
VTI,"Vanguard Total Stock Market ETF",STOCK,363.63,0.76001,0.21,0.77,0,28.44,0,3363683,3185110,364.48,283,364.47,362.415,362.61,362.87,12.784279,2026-05-12T05:52:34.401Z
BND,"Vanguard Total Bond Market ETF",STOCK,73.37,-0.18,-0.24,0.00,0,0.00,0,8978733,7977020,75.23,71.76,73.5,73.36,73.47,73.55,0,2026-05-12T05:52:34.401Z
AGG,"iShares Core U.S. Aggregate Bon",STOCK,98.92,-0.260002,-0.26,2.50,0,126.17,0,6757575,9096960,101.46,96.66,99.1052,98.92,99.05,99.18,0.784,2026-05-12T05:52:34.401Z
TLT,"iShares 20+ Year Treasury Bond ",STOCK,85.56,-0.520004,-0.60,2.50,0,0.00,0,17646279,23103020,92.19,83.3,85.915,85.49,85.881,86.08,-12.586,2026-05-12T05:52:34.401Z
SHY,"iShares 1-3 Year Treasury Bond ",STOCK,82.22,-0.0800018,-0.10,0.38,0,3737.27,0,1692980,3271480,83.2,82.1,82.29,82.22,82.275,82.3,0.022,2026-05-12T05:52:34.401Z
GLD,"SPDR Gold Shares",STOCK,434.65,0.880005,0.20,0.00,0,0.00,0,5487025,6312580,509.7,291.78,436.03,432.25,434.182,433.77,-9.394,2026-05-12T05:52:34.401Z
USO,"United States Oil Fund",STOCK,138.66,5.07001,3.80,0.00,0,41.95,0,6159550,11639100,151.63,65.96,140.9,135.87,136.69,133.59,3.305,2026-05-12T05:52:34.401Z
DBC,"Invesco DB Commodity Index Trac",STOCK,31.06,0.76,2.51,2.46,0,7.51,0,3122814,2203250,31.46,20.78,31.17,30.7401,30.74,30.3,4.135,2026-05-12T05:52:34.401Z
GSG,"iShares GSCI Commodity-Indexed ",STOCK,33.69,0.879997,2.68,0.00,0,7.47,0,3178806,1662600,34.74,21.03,33.86,33.3,33.34,32.81,4.51,2026-05-12T05:52:34.401Z
PDBC,"Invesco Optimum Yield Diversifi",STOCK,18.55,0.48,2.66,0.00,0,0.00,0,4852247,7524410,18.76,12.47,18.5999,18.335,18.36,18.07,0,2026-05-12T05:52:34.401Z
UUP,"Invesco DB USD Index Bullish Fu",STOCK,27.35,0.0100002,0.04,0.00,0,0.00,0,958703,2078140,28.45,26.4,27.36,27.33,27.35,27.34,0,2026-05-12T05:52:34.401Z
CRY,"GraniteShares YieldBOOST CRCL ETF",STOCK,25.925,1.4748993,6.03,0.00,0,0.00,0,6419,1770,25.93,24.11,25.925,24.11,24.73,24.4501,0,2026-05-12T05:52:34.401Z
FXY,"Invesco CurrencyShares Japanese",STOCK,58.42,-0.18,-0.31,0.00,0,0.00,0,130785,322690,64.72,57.23,58.505,58.405,58.5,58.6,-0.539,2026-05-12T05:52:34.401Z
EFA,"iShares MSCI EAFE ETF",STOCK,103.74,-0.220001,-0.21,1.69,0,18.57,0,10711698,14341280,105.94,85.68,104,103.57,103.81,103.96,5.587669,2026-05-12T05:52:34.401Z
VEA,"Vanguard FTSE Developed Markets",STOCK,70.82,-0.0100021,-0.01,0.00,0,19.33,0,9783452,12237010,71.12,53.76,71,70.72,70.81,70.83,3.6643515,2026-05-12T05:52:34.401Z
VXUS,"Vanguard Total International St",STOCK,85.39,-0.0400009,-0.05,0.00,0,18.72,0,6206546,6446940,85.78,65.41,85.6,85.245,85.37,85.43,4.5618277,2026-05-12T05:52:34.401Z
GEM,"Goldman Sachs ActiveBeta Emergi",STOCK,51.41,0.0359993,0.07,0.00,0,17.39,0,57271,72290,51.53,34.57,51.53,51.18,51.31,51.374,2.9561062,2026-05-12T05:52:34.401Z
IEMG,"iShares Core MSCI Emerging Mark",STOCK,82.97,-0.0400009,-0.05,1.40,0,18.47,0,11952085,10755910,83.29,56.36,83.2888,82.605,82.89,83.01,4.4921927,2026-05-12T05:52:36.054Z
SCHE,"Schwab Emerging Markets Equity ",STOCK,36.66,-0.150002,-0.41,0.00,0,17.16,0,2753194,2711240,37.06,28.48,36.755,36.58,36.69,36.81,2.136756,2026-05-12T05:52:36.054Z
EWJ,"iShares MSCI Japan Index Fund",STOCK,92.26,0.0400009,0.04,0.76,0,18.89,0,4361143,5876350,94.28,71.09,92.48,92.05,92.08,92.22,4.884462,2026-05-12T05:52:36.054Z
EWY,"iShares MSCI South Korea ETF",STOCK,192.85,2.65001,1.39,0.33,0,25.31,0,17143031,16387440,194.58,57.45,194.58,189.99,190.87,190.2,7.620024,2026-05-12T05:52:36.054Z
EWG,"iShares MSCI Germany Index Fund",STOCK,42.53,-0.120003,-0.28,1.57,0,17.75,0,682488,1842860,44.65,37.98,42.665,42.43,42.5,42.65,2.3957195,2026-05-12T05:52:36.054Z
EWU,"iShares MSCI",STOCK,46.65,-0.0499992,-0.11,1.92,0,17.89,0,711003,1471210,48.92,38.2,46.89,46.56,46.8,46.7,2.6073952,2026-05-12T05:52:36.054Z
EWL,"iShares MSCI Switzerland ETF",STOCK,61.52,-0.279999,-0.45,1.04,0,22.62,0,231576,615150,65.53,51.83,61.75,61.34,61.6,61.8,2.7193046,2026-05-12T05:52:36.054Z
EWT,"iShares MSCI Taiwan ETF",STOCK,97.15,1.04,1.08,1.01,0,27.09,0,5472349,4737160,97.27,51.87,97.265,96,96.39,96.11,3.586212,2026-05-12T05:52:36.054Z
INDA,"Ishares MSCI India ETF",STOCK,48.42,-1.42,-2.85,0.00,0,21.16,0,6841140,5022430,56.01,45.21,48.895,48.415,48.74,49.84,2.2886755,2026-05-12T05:52:36.054Z
MCHI,"iShares MSCI China ETF",STOCK,58.7,0.380001,0.65,0.00,0,13.15,0,2934976,2543960,67.37,52.53,58.905,58.66,58.73,58.32,4.46393,2026-05-12T05:52:36.054Z
ASHR,"Xtrackers Harvest CSI 300 China",STOCK,36.51,0.779999,2.18,0.00,0,17.49,0,7105624,4396250,36.6,26.29,36.6,36.33,36.34,35.73,2.0870588,2026-05-12T05:52:36.054Z
FXI,"iShares China Large-Cap ETF",STOCK,37.47,0.23,0.62,2.23,0,10.29,0,17942038,23748260,42,34.77,37.635,37.435,37.51,37.24,3.6396348,2026-05-12T05:52:36.054Z
ERUS,"iShares MSCI iShares MSCI Russi",STOCK,8.06,0,0.00,0.00,0,0.00,0,0,0,10.48,0.03285,10.48,7.12,10.94,8.06,0,2026-05-12T05:52:36.054Z
ARGT,"Global X MSCI Argentina ETF",STOCK,90.17,0.68,0.76,0.00,0,15.07,0,177501,295670,103.97,66.49,90.5,89.03,89.92,89.49,5.983194,2026-05-12T05:52:36.054Z
EWZ,"iShares MSCI Brazil ETF",STOCK,38.66,-0.459999,-1.18,2.31,0,12.43,0,30896514,24282430,42.02,26.3,39.24,38.52,39.15,39.12,3.110892,2026-05-12T05:52:36.054Z
EWC,"iShares MSCI Canada Index Fund",STOCK,58.14,0.0499992,0.09,1.11,0,19.49,0,974749,2760230,58.89,43.14,58.545,58.1,58.19,58.09,2.9833262,2026-05-12T05:52:36.054Z
ECNS,"iShares MSCI China Small-Cap ET",STOCK,34.55,0.320499,0.94,0.00,0,12.86,0,11256,28650,40.05,27.58,34.68,34.52,34.5,34.2295,2.6873806,2026-05-12T05:52:36.054Z
EUSA,"iShares MSCI USA Equal Weighted",STOCK,109.51,0.194702,0.18,0.00,0,23.15,0,43911,27930,110.34,94.12,109.7299,109.4,109.21,109.315,4.731059,2026-05-12T05:52:36.054Z
ENZL,"iShares MSCI New Zealand ETF",STOCK,46.1533,0.2532997,0.55,0.00,0,29.25,0,61653,31730,48.24,41.69,46.32,45.97,46,45.9,1.578082,2026-05-12T05:52:36.055Z
HEWU,"iShares Currency Hedged MSCI",STOCK,24.815,0.010000229,0.04,0.00,0,11.59,0,2,167,26.636,23.9,24.815,24.815,24.86,24.805,2.1417844,2026-05-12T05:52:36.055Z
IEUS,"iShares MSCI Europe Small-Cap E",STOCK,73,-0.589996,-0.80,0.00,0,16.39,0,3264,10980,74.32,62.9,73.42,72.96,73.42,73.59,4.4539714,2026-05-12T05:52:36.055Z
REET,"iShares Global REIT ETF",STOCK,27.41,0,0.00,0.00,0,22.59,0,2316262,2184510,27.655,23.98,27.58,27.36,27.5,27.41,1.2132813,2026-05-12T05:52:36.055Z
XLRE,"State Street Real Estate Select",STOCK,44.57,0.16,0.36,0.00,0,32.69,0,4167192,5966410,44.91,39.725,44.81,44.4,44.39,44.41,1.363524,2026-05-12T05:52:36.055Z
XLV,"State Street Health Care Select",STOCK,143.04,-0.450012,-0.31,1.26,0,26.37,0,8481664,9765310,160.59,127.35,145.02,142.675,143.745,143.49,5.4249887,2026-05-12T05:52:36.055Z
XLK,"State Street Technology Select ",STOCK,177.88,2.36,1.34,0.63,0,38.97,0,10424230,10075360,178.3,112.55,178.3,175.87,176.15,175.52,4.56489,2026-05-12T05:52:36.055Z
XLF,"State Street Financial Select S",STOCK,51.18,-0.0600014,-0.12,1.13,0,16.51,0,30654901,32582970,56.52,47.67,51.46,50.955,51.26,51.24,3.100171,2026-05-12T05:52:36.055Z
XLE,"State Street Energy Select Sect",STOCK,57.17,1.47,2.64,3.88,0,20.79,0,31897676,38873810,63.46,40.36,57.22,56.2401,56.26,55.7,2.7504616,2026-05-12T05:52:36.055Z
XLI,"State Street Industrial Select ",STOCK,175.04,1.84,1.06,0.72,0,30.25,0,5799478,8392970,179.31,139.63,175.55,172.895,173.24,173.2,5.787327,2026-05-12T05:52:36.055Z
XLP,"State Street Consumer Staples S",STOCK,83.37,-0.809998,-0.96,2.06,0,25.28,0,11030408,11746850,90.14,75.16,84.29,82.835,84.08,84.18,3.2973642,2026-05-12T05:52:36.055Z
XLY,"State Street Consumer Discretio",STOCK,119.37,-0.829994,-0.69,0.97,0,30.69,0,5729941,8544480,125.01,103.855,119.86,118.52,119.38,120.2,3.8889809,2026-05-12T05:52:36.055Z
XLU,"State Street Utilities Select S",STOCK,45.14,0.419998,0.94,4.36,0,21.91,0,22105545,18974960,47.8,39.055,45.305,44.835,45.095,44.72,2.0599945,2026-05-12T05:52:36.055Z
XLC,"State Street Communication Serv",STOCK,115.58,-1.36,-1.16,0.00,0,17.02,0,4724708,5150670,120.405,99.19,116.72,115.43,116.52,116.94,6.790203,2026-05-12T05:52:36.055Z
VGT,"Vanguard Information Tech ETF",STOCK,113.72,1.28,1.14,0.00,0,40.63,0,4697192,4154440,114.03,73.76,114.0298,112.39,112.41,112.44,2.7991707,2026-05-12T05:52:36.055Z
VHV,"VHV",STOCK,0,0,0.00,0.00,0,0.00,0,0,0,0,0,0,0,0,0,0,2026-05-12T05:52:36.055Z
VFV,"VFV",STOCK,0,0,0.00,0.00,0,0.00,0,0,0,0,0,0,0,0,0,0,2026-05-12T05:52:36.055Z
VTV,"Vanguard Value ETF",STOCK,208.25,1.21001,0.58,1.47,0,21.88,0,2616812,2424150,208.55,167.63,208.55,207.63,208.24,207.04,9.5157,2026-05-12T05:52:36.055Z
VOE,"Vanguard Mid-Cap Value ETF",STOCK,192.21,0.480011,0.25,0.00,0,19.62,0,425918,290750,195.18,158.32,192.6371,191.8272,192.45,191.73,9.798699,2026-05-12T05:52:36.055Z
VBR,"Vanguard Small-Cap Value ETF",STOCK,232.12,-1.45001,-0.62,1.34,0,18.24,0,282824,268290,235.68,184.56,234.97,231.9301,234.21,233.57,12.726504,2026-05-12T05:52:36.055Z
VBK,"Vanguard Small-Cap Growth ETF",STOCK,346.86,3.28,0.95,0.34,0,33.60,0,201134,192200,349.26,257.89,347.97,343.44,343.44,343.58,10.32218,2026-05-12T05:52:36.055Z
VB,"Vanguard Small-Cap ETF",STOCK,288.58,0.409973,0.14,0.89,0,22.44,0,390603,597800,291.99,221.85,289.6815,288.17,288.9,288.17,12.862725,2026-05-12T05:52:36.055Z
SCHB,"Schwab U.S. Broad Market ETF",STOCK,28.48,0.0599995,0.21,0.00,0,26.97,0,5249589,6901900,28.55,22.16,28.55,28.38,28.38,28.42,1.0559584,2026-05-12T05:52:36.055Z
SCHA,"Schwab U.S. Small-Cap ETF",STOCK,33.46,0,0.00,0.00,0,19.86,0,1950023,2099330,33.66,23.55,33.66,33.43,33.56,33.46,1.6845433,2026-05-12T05:52:36.055Z
SCHF,"Schwab International Equity ETF",STOCK,27.36,0,0.00,0.00,0,19.14,0,7365298,7942350,27.46,20.89,27.43,27.32,27.32,27.36,1.4297248,2026-05-12T05:52:36.055Z
SCHG,"Schwab U.S. Large-Cap Growth ET",STOCK,34.13,0.0100021,0.03,0.00,0,33.79,0,10156664,10023360,34.26,26.8,34.26,33.91,33.91,34.12,1.0100079,2026-05-12T05:52:36.055Z
SCHV,"Schwab U.S. Large-Cap Value ETF",STOCK,32.87,0.200001,0.61,0.00,0,22.23,0,2528012,3046110,32.91,26.21,32.8951,32.78,32.81,32.67,1.4783591,2026-05-12T05:52:36.055Z
SCHD,"Schwab US Dividend Equity ETF",STOCK,31.75,0.129999,0.41,0.00,0,18.83,0,23799726,20499910,32.13,25.69,31.97,31.63,31.82,31.62,1.6857147,2026-05-12T05:52:36.055Z
SCHM,"Schwab U.S. Mid Cap ETF",STOCK,34.82,0.079998,0.23,0.00,0,22.52,0,795651,1068240,35.04,26.45,34.955,34.77,34.86,34.74,1.5458592,2026-05-12T05:52:36.055Z
SCHC,"Schwab International Small-Cap ",STOCK,51.28,-0.0200005,-0.04,0.00,0,16.25,0,442116,366630,51.78,38.71,51.51,51.24,51.25,51.3,3.1560755,2026-05-12T05:52:36.055Z
VIG,"Vanguard Div Appreciation ETF",STOCK,228.27,0.210007,0.09,0.00,0,26.47,0,1275034,958770,230.53,193.01,228.82,227.7,227.845,228.06,8.623906,2026-05-12T05:52:36.055Z
VDC,"Vanguard Consumer Staples ETF",STOCK,227.58,-2.66,-1.16,0.00,0,26.03,0,158026,207170,244.33,205.45,230.2662,226.4,229.93,230.24,8.744367,2026-05-12T05:52:36.055Z
VUG,"Vanguard Growth ETF",STOCK,86.81,-0.0299988,-0.03,1.77,0,38.88,0,6496022,6508790,87.24,66.98,87.24,86.2,86.3,86.84,2.2329926,2026-05-12T05:52:37.658Z
VUV,"VUV",STOCK,0,0,0.00,0.00,0,0.00,0,0,0,0,0,0,0,0,0,0,2026-05-12T05:52:37.658Z
VOG,"VOG",STOCK,0,0,0.00,0.00,0,0.00,0,0,0,7.219,7.094,0,0,0,0,0,2026-05-12T05:52:37.658Z
VTSAX,"Vanguard Total Stock Market Ind",STOCK,176.99,0.3,0.17,1.59,0,28.43,0,0,0,176.99,138.71,0,0,0,176.69,6.2257657,2026-05-12T05:52:37.658Z
VTIAX,"Vanguard Total International St",STOCK,45.81,0.07,0.15,0.00,0,18.79,0,0,0,45.91,35.3,0,0,0,45.74,2.437392,2026-05-12T05:52:37.658Z
SCHX,"Schwab U.S. Large-Cap ETF",STOCK,29.07,0.0699997,0.24,0.00,0,27.50,0,7222709,12470030,29.12,21.81,29.12,28.93,28.93,29,1.0569144,2026-05-12T05:52:37.658Z
SWTSX,"Schwab Total Stock Market Index",STOCK,17.84,0.03,0.17,6.06,0,28.42,0,0,0,17.84,13.9714,0,0,0,17.81,0.6277843,2026-05-12T05:52:37.658Z
SWPPX,"Schwab® S&P 500 Index Fund  ",STOCK,19.07,0.04,0.21,5.47,0,29.32,0,0,0,19.07,14.9217,0,0,0,19.029999,0.6503406,2026-05-12T05:52:37.658Z
SWISX,"Schwab International Index Fund",STOCK,31.05,-0.07,-0.22,1.32,0,19.08,0,0,0,31.61,25.74,0,0,0,31.119999,1.6274416,2026-05-12T05:52:37.658Z
SWAGX,"Schwab U.S. Aggregate Bond Inde",STOCK,8.93,-0.02,-0.22,0.00,0,0.00,0,0,0,9.14,8.75,0,0,0,8.950001,0,2026-05-12T05:52:37.658Z
SMCAX,"ALPS/Smith Credit Opportunities",STOCK,9.09,-0.01,-0.11,0.00,0,0.00,0,0,0,9.27,8.93,0,0,0,9.1,0,2026-05-12T05:52:37.658Z
SMCBX,"Deutsche Mid Cap Growth Fund Cl",STOCK,11.74,0.1,0.86,0.00,0,0.00,0,0,0,11.74,11.74,0,0,0,11.639999,0,2026-05-12T05:52:37.658Z
SMCCX,"ALPS/Smith Credit Opportunities",STOCK,9.06,-0.01,-0.11,0.00,0,0.00,0,0,0,9.23,8.89,0,0,0,9.070001,0,2026-05-12T05:52:37.658Z
SMDAX,"Dreyfus Moderate Allocation Fun",STOCK,16.78,0,0.00,0.00,0,0.00,0,0,0,16.78,16.78,0,0,0,16.78,0,2026-05-12T05:52:37.658Z
SMDBX,"SMDBX",STOCK,0,0,0.00,0.00,0,0.00,0,0,0,0,0,0,0,0,0,0,2026-05-12T05:52:37.658Z
SMDCX,"SMDCX",STOCK,0,0,0.00,0.00,0,0.00,0,0,0,0,0,0,0,0,0,0,2026-05-12T05:52:37.658Z
SMDDX,"SMDDX",STOCK,0,0,0.00,0.00,0,0.00,0,0,0,0,0,0,0,0,0,0,2026-05-12T05:52:37.658Z
SMDZX,"SMDZX",STOCK,0,0,0.00,0.00,0,0.00,0,0,0,0,0,0,0,0,0,0,2026-05-12T05:52:37.658Z
SMEAX,"Invesco Small Cap Equity Class ",STOCK,16.59,0.03,0.18,5.43,0,4.96,0,0,0,16.59,13.66,0,0,0,16.56,3.345,2026-05-12T05:52:37.658Z
SMEBX,"Invesco Small Cap Equity Fund C",STOCK,13.1,0.03,0.23,0.00,0,0.00,0,0,0,13.1,13.1,0,0,0,13.070001,0,2026-05-12T05:52:37.658Z
SMECX,"Invesco Small Cap Equity Fund C",STOCK,8.98,0.02,0.22,10.04,0,2.68,0,0,0,9.58,7.4,0,0,0,8.959999,3.345,2026-05-12T05:52:37.658Z
SMFAX,"American Beacon Stephens Mid-Ca",STOCK,26.22,0.03,0.11,0.00,0,36.77,0,0,0,35.18,23.68,0,0,0,26.189999,0.7131117,2026-05-12T05:52:37.658Z
SMFBX,"SMFBX",STOCK,0,0,0.00,0.00,0,0.00,0,0,0,0,0,0,0,0,0,0,2026-05-12T05:52:37.658Z
SMFCX,"American Beacon Stephens Mid-Ca",STOCK,21.61,0.03,0.14,0.00,0,36.74,0,0,0,30.66,19.53,0,0,0,21.58,0.5881785,2026-05-12T05:52:37.659Z
SMGAX,"SEI Asset Allocation Trust Cons",STOCK,11.96,-0.01,-0.08,0.00,0,21.37,0,0,0,12.52,11.66,0,0,0,11.97,0.55971724,2026-05-12T05:52:37.659Z
SMGBX,"Sentinel Mid Cap Growth B",STOCK,0,0,0.00,0.00,0,0.00,0,0,0,0,0,0,0,0,0,0,2026-05-12T05:52:37.659Z
SMGCX,"Sentinel Mid Cap Fd Cl C",STOCK,11.97,0.07,0.59,0.00,0,0.00,0,0,0,11.97,11.97,0,0,0,11.900001,0,2026-05-12T05:52:37.659Z
SMLAX,"DWS Managed Municipal Bond Fund",STOCK,7.99,0,0.00,0.00,0,0.00,0,0,0,8.1,7.69,0,0,0,7.99,0,2026-05-12T05:52:37.659Z
SMLBX,"Deutsche Managed Municipal Bond",STOCK,9.41,-0.01,-0.11,0.00,0,0.00,0,0,0,9.41,9.41,0,0,0,9.42,0,2026-05-12T05:52:37.659Z
SMLCX,"DWS Managed Municipal Bond Fund",STOCK,7.99,0,0.00,0.00,0,0.00,0,0,0,8.1,7.69,0,0,0,7.99,0,2026-05-12T05:52:37.659Z
SMLVX,"SGI U.S. Small Cap Equity Fund ",STOCK,11.8175,-0.0025,-0.02,0.00,0,0.00,0,0,0,11.82,10.1,0,0,0,11.82,0,2026-05-12T05:52:37.659Z
SMLYX,"Multi Asset Capital Stability F",STOCK,10.38,0,0.00,0.00,0,27.51,0,0,0,10.38,9.87,0,0,0,10.38,0.3773549,2026-05-12T05:52:37.659Z
SMNAX,"Steward Equity Market Neutral A",STOCK,27.54,-0.04,-0.15,0.00,0,18.55,0,0,0,28.57,25.79,0,0,0,27.580002,1.484443,2026-05-12T05:52:37.659Z
SMNBX,"Western Asset New York Municipa",STOCK,13.75,0,0.00,0.00,0,0.00,0,0,0,13.75,13.75,0,0,0,13.75,0,2026-05-12T05:52:37.659Z
SMNCX,"Steward Equity Market Neutral Fund Class C",STOCK,0,0,0.00,0.00,0,0.00,0,0,0,0,0,0,0,0,0,0,2026-05-12T05:52:37.659Z
SMNDX,"SMNDX",STOCK,0,0,0.00,0.00,0,0.00,0,0,0,0,0,0,0,0,0,0,2026-05-12T05:52:37.659Z
SMPBX,"SMPBX",STOCK,0,0,0.00,0.00,0,0.00,0,0,0,0,0,0,0,0,0,0,2026-05-12T05:52:37.659Z
SMPCX,"SMPCX",STOCK,0,0,0.00,0.00,0,0.00,0,0,0,0,0,0,0,0,0,0,2026-05-12T05:52:37.659Z
SMPDX,"SMPDX",STOCK,0,0,0.00,0.00,0,0.00,0,0,0,0,0,0,0,0,0,0,2026-05-12T05:52:37.659Z
SMSAX,"SEI Institutional Managed Trust",STOCK,10.46,0.010000229,0.10,0.00,0,0.00,0,0,0,10.5,9.55,0,0,0,10.45,0,2026-05-12T05:52:39.270Z
SMSBX,"SMSBX",STOCK,0,0,0.00,0.00,0,0.00,0,0,0,0,0,0,0,0,0,0,2026-05-12T05:52:39.270Z
SMSCX,"SMSCX",STOCK,0,0,0.00,0.00,0,0.00,0,0,0,0,0,0,0,0,0,0,2026-05-12T05:52:39.270Z
SMSDX,"SEI Moderate Strategy Fd Cl D",STOCK,12.8,0,0.00,0.00,0,19.94,0,0,0,12.91,11.78,0,0,0,12.8,0.6419686,2026-05-12T05:52:39.270Z
SMSVX,"Hartford Schroders Emerging Mar",STOCK,7.5,-0.03,-0.40,0.00,0,0.00,0,0,0,7.72,7.04,0,0,0,7.53,0,2026-05-12T05:52:39.270Z
SMSYX,"Massachusetts Municipal Bond Fu",STOCK,10.26,0,0.00,0.00,0,0.00,0,0,0,10.48,9.9,0,0,0,10.26,0,2026-05-12T05:52:39.270Z
SMTAX,"JPMorgan SmartRetirement 2040 C",STOCK,25.15,-0.01,-0.04,0.00,0,0.00,0,0,0,25.21,22.04,0,0,0,25.16,0,2026-05-12T05:52:39.270Z
SMTCX,"JPMorgan SmartRetirement 2040 C",STOCK,24.33,-0.01,-0.04,0.00,0,0.00,0,0,0,24.39,21.37,0,0,0,24.34,0,2026-05-12T05:52:39.270Z
SMTVX,"SMTVX",STOCK,0,0,0.00,0.00,0,0.00,0,0,0,0,0,0,0,0,0,0,2026-05-12T05:52:39.270Z
SMTYX,"JPMorgan SmartRetirement 2040 F",STOCK,25.42,-0.02,-0.08,0.00,0,0.00,0,0,0,25.48,22.28,0,0,0,25.44,0,2026-05-12T05:52:39.270Z
SMUAX,"Wells Fargo Advantage Ultra Sho",STOCK,9.63,0,0.00,0.00,0,0.00,0,0,0,9.63,9.63,0,0,0,9.63,0,2026-05-12T05:52:39.270Z
SMUYX,"SEI Institutional Managed Trust",STOCK,10.45,0.010000229,0.10,0.00,0,0.00,0,0,0,10.5,9.54,0,0,0,10.44,0,2026-05-12T05:52:39.270Z
SMVAX,"Wells Fargo Small Cap Value Fd ",STOCK,11.7,0.01,0.09,0.00,0,0.00,0,0,0,11.7,11.7,0,0,0,11.69,0,2026-05-12T05:52:39.270Z
SMVBX,"Wells Fargo Small Cap Value Fd ",STOCK,16.24,0.19,1.18,0.00,0,0.00,0,0,0,16.24,16.24,0,0,0,16.05,0,2026-05-12T05:52:39.270Z
SMVCX,"Wells Fargo Small Cap Value Fd ",STOCK,6.34,0,0.00,0.00,0,0.00,0,0,0,6.34,6.34,0,0,0,6.34,0,2026-05-12T05:52:39.270Z
SMVDX,"WF Small Cap Value Fund Adminis",STOCK,12.93,0.01,0.08,0.00,0,0.00,0,0,0,12.93,12.93,0,0,0,12.92,0,2026-05-12T05:52:39.270Z
SMWAX,"SM&R Growth A",STOCK,0,0,0.00,0.00,0,0.00,0,0,0,0,0,0,0,0,0,0,2026-05-12T05:52:39.270Z
SMWBX,"SM&R Growth B",STOCK,0,0,0.00,0.00,0,0.00,0,0,0,0,0,0,0,0,0,0,2026-05-12T05:52:39.270Z
SMWCX,"RBB Fund Inc - Robeco SAM Sustainable Water Fund",STOCK,0,0,0.00,0.00,0,0.00,0,0,0,0,0,0,0,0,0,0,2026-05-12T05:52:39.270Z
IEFA,"iShares Core MSCI EAFE ETF",ETF,97.09,-0.210007,-0.22,0.00,0,18.26,0,10326424,9827170,98.83,79.82,97.3799,96.975,97.08,97.3,5.3166924,2026-05-12T05:52:39.270Z
VWO,"Vanguard FTSE Emerging Markets ",ETF,60.39,-0.150002,-0.25,1.85,0,17.61,0,5065609,7964340,61.03,46.73,60.55,60.275,60.42,60.54,3.4302022,2026-05-12T05:52:39.270Z
VO,"Vanguard Mid-Cap ETF",ETF,77.47,0.32,0.41,3.88,0,24.59,0,2451162,2272180,78.39,66.0675,77.565,77.195,77.29,77.15,3.1510825,2026-05-12T05:52:39.270Z
IWF,"iShares Russell 1000 Growth Fun",ETF,123.52,-0.0200043,-0.02,1.23,0,34.40,0,5658297,5671090,124.03,97.075,124.025,122.65,122.75,123.54,3.5912194,2026-05-12T05:52:39.270Z
IWM,"iShares Russell 2000 Index Fund",ETF,285.33,1.15997,0.41,0.71,0,19.63,0,20010054,25948340,287.58,199.65,287.05,284.6,284.92,284.17,14.532271,2026-05-12T05:52:39.270Z
VYM,"Vanguard High Dividend Yield ET",ETF,155.81,0.349991,0.23,0.00,0,21.66,0,1206627,1024790,157.48,126,156.15,155.495,155.87,155.46,7.1932173,2026-05-12T05:52:39.270Z
IWD,"iShares Russell 1000 Value ETF",ETF,234.63,0.730011,0.31,1.12,0,22.22,0,1448996,2200410,235.11,184.69,235.11,234.26,234.59,233.9,10.558875,2026-05-12T05:52:39.270Z
IJR,"iShares Core S&P Small-Cap ETF",ETF,137.35,-1,-0.72,0.92,0,18.26,0,2448862,3513160,139.49,102.57,139.04,137.21,138.69,138.35,7.519935,2026-05-12T05:52:40.896Z
IWB,"iShares Russell 1000 ETF",ETF,403.13,0.800018,0.20,0.72,0,27.18,0,471626,647350,403.91,316.35,403.91,401.6104,401.78,402.33,14.833261,2026-05-12T05:52:40.896Z
IJH,"iShares Core S&P Mid-Cap ETF",ETF,73.79,-0.199997,-0.27,3.80,0,21.75,0,5466519,7511490,75.15,58.84,74.24,73.6841,74.14,73.99,3.3932652,2026-05-12T05:52:40.896Z
SHV,"iShares 0-1 Year Treasury Bond ",ETF,110.18,0,0.00,0.00,0,0.00,0,1848955,2389120,110.5,110.02,110.18,110.17,110.18,110.18,0,2026-05-12T05:52:40.896Z
VCSH,"Vanguard Short-Term Corporate B",ETF,79.08,-0.0499954,-0.06,0.00,0,0.00,0,3320504,4958820,80.26,78.46,79.14,79.05,79.13,79.13,0,2026-05-12T05:52:40.896Z
BNDX,"Vanguard Total International Bo",ETF,47.98,-0.16,-0.33,0.00,0,0.00,0,3848692,5324740,49.93,47.6,48.06,47.95,48.035,48.14,0,2026-05-12T05:52:40.896Z
VCIT,"Vanguard Intermediate-Term Corp",ETF,82.71,-0.18,-0.22,0.00,0,0.00,0,7681000,7951070,84.84,80.42,82.88,82.69,82.84,82.89,0,2026-05-12T05:52:40.896Z
VNQ,"Vanguard Real Estate ETF",ETF,96.69,0.0699997,0.07,3.45,0,32.53,0,3867384,3091450,97.37,86.36,97.3175,96.385,96.9,96.62,2.972337,2026-05-12T05:52:40.896Z
XLB,"State Street Materials Select S",ETF,52.26,0.669998,1.30,2.69,0,26.39,0,8352927,10129720,54.14,42.035,52.405,51.83,51.86,51.59,1.9800508,2026-05-12T05:52:40.896Z
VGK,"Vanguard FTSEEuropean ETF",ETF,87.82,-0.300003,-0.34,2.02,0,18.46,0,3321375,3583230,90.75,74.23,88.04,87.645,87.88,88.12,4.758586,2026-05-12T05:52:40.896Z
VPL,"Vanguard FTSE Pacific ETF",ETF,114.43,0.540001,0.47,0.25,0,20.18,0,380018,864970,114.75,76.38,114.75,114,114,113.89,5.671617,2026-05-12T05:52:40.896Z
IBIT,"iShares Bitcoin Trust ETF",ETF,46.47,1.025,2.26,0.00,0,0.00,0,30904668,35730640,71.82,35.3,46.56,45.55,45.951,45.445,0,2026-05-12T05:52:40.896Z
ETHA,"iShares Ethereum Trust ETF",ETF,17.67,0.190001,1.09,0.00,0,0.00,0,18852368,19612890,36.8,13.62,17.7,17.385,17.57,17.48,0,2026-05-12T05:52:40.896Z
GBTC,"Grayscale Bitcoin Trust (BTC)",ETF,63.67,1.36,2.18,0.00,0,0.00,0,1228002,1592950,99.12,48.555,63.8443,62.4901,63.05,62.31,0,2026-05-12T05:52:40.897Z
ARKK,"ARK Innovation ETF",ETF,80.03,0.909996,1.15,0.00,0,47.95,0,6379293,7037280,92.65,55.02,80.685,78.25,78.58,79.12,1.6690892,2026-05-12T05:52:40.897Z
ARKG,"ARK Genomic Revolution ETF",ETF,29.94,-0.539999,-1.77,0.00,0,0.00,0,3294921,2680130,34.39,20.264,30.925,29.9,30.29,30.48,0,2026-05-12T05:52:40.897Z
ARKW,"ARK Next Generation Internet ET",ETF,148.83,1.94,1.32,0.00,0,46.85,0,123495,102520,183,113.36,149.675,146,146.68,146.89,3.1764278,2026-05-12T05:52:40.897Z
SMH,"VanEck Semiconductor ETF",ETF,576.31,9.77002,1.72,0.00,0,47.43,0,11969904,9526830,578.06,234.59,578.0598,566.8,570.27,566.54,12.151145,2026-05-12T05:52:40.897Z
SOXX,"iShares PHLX SOX Semiconductor ",ETF,532.76,12.46,2.39,0.60,0,48.90,0,7425442,7366820,533.74,199.93,533.74,521.66,524.12,520.3,10.894598,2026-05-12T05:52:40.897Z
XBI,"State Street SPDR S&P Biotech E",ETF,134.75,0.0399933,0.03,0.00,0,0.00,0,9439341,9061260,139.19,75.71,138.1,134.15,135.24,134.71,0,2026-05-12T05:52:40.897Z
IBB,"iShares Biotechnology ETF",ETF,170,0.0599976,0.04,0.21,0,22.54,0,1453858,1369230,179.64,116.49,173.31,169.36,170.46,169.94,7.5421295,2026-05-12T05:52:40.897Z
IEF,"iShares 7-10 Year Treasury Bond",ETF,94.64,-0.32,-0.34,0.98,0,0.00,0,4023904,6756550,98.05,93.03,94.879,94.635,94.86,94.96,-4.267,2026-05-12T05:52:40.897Z
LQD,"iShares iBoxx $ Investment Grad",ETF,108.93,-0.269997,-0.25,2.92,0,32.94,0,21070714,27644040,112.93,105.39,109.18,108.89,109.04,109.2,3.307,2026-05-12T05:52:40.897Z
HYG,"iShares iBoxx $ High Yield Corp",ETF,79.98,-0.159996,-0.20,4.75,0,11.00,0,33926707,39716330,81.36,78.57,80.15,79.98,80.08,80.14,7.2726674,2026-05-12T05:52:40.897Z
TIP,"iShares TIPS Bond ETF",ETF,111.31,-0.090004,-0.08,1.12,0,12.51,0,1610580,1482510,112.26,107.98,111.38,111.26,111.35,111.4,8.9,2026-05-12T05:52:40.897Z
VTIP,"Vanguard Short-Term Inflation-P",ETF,50.44,0.0399971,0.08,0.00,0,0.00,0,2515458,2688990,50.81,49.35,50.45,50.4,50.41,50.4,0,2026-05-12T05:52:40.897Z
MUB,"iShares National Muni Bond ETF",ETF,106.94,-0.0599976,-0.06,0.00,0,0.00,0,1829862,2657920,109,103.14,107.04,106.935,107.04,107,0,2026-05-12T05:52:40.897Z
EMB,"iShares J.P. Morgan USD Emergin",ETF,95.97,-0.18,-0.19,0.00,0,0.00,0,2334310,6301740,97.8,89.45,96.16,95.895,96.13,96.15,0,2026-05-12T05:52:40.897Z
VEU,"Vanguard FTSE All World Ex US E",ETF,83.21,-0.0800018,-0.10,1.45,0,18.96,0,2060206,2244820,83.8,63.83,83.41,83.075,83.17,83.29,4.3879857,2026-05-12T05:52:40.897Z
ACWI,"iShares MSCI ACWI ETF",ETF,155.53,0.149994,0.10,0.00,0,23.55,0,2474855,3709480,155.83,121.25,155.83,155.2,155.24,155.38,6.605629,2026-05-12T05:52:40.897Z
URTH,"iShares MSCI World ETF",ETF,200.88,0.240005,0.12,0.00,0,24.48,0,479088,2399690,201.29,159.63,201.29,200.39,200.36,200.64,8.206217,2026-05-12T05:52:40.897Z
IOO,"iShares Global 100 ETF",ETF,140.07,-0.00999451,-0.01,0.75,0,26.81,0,153829,167530,140.61,100.28,140.6087,139.55,139.55,140.08,5.224578,2026-05-12T05:52:40.897Z
VT,"Vanguard Total World Stock Inde",ETF,155.32,0.140015,0.09,0.00,0,23.79,0,2137505,2538330,155.63,121,155.63,155,155.33,155.18,6.528704,2026-05-12T05:52:40.897Z
IXUS,"iShares Core MSCI Total Interna",ETF,95.96,-0.0599976,-0.06,0.00,0,18.10,0,1948762,1953200,96.38,73.7,96.17,95.79,95.955,96.02,5.3011255,2026-05-12T05:52:40.897Z
VSS,"Vanguard FTSE All-Wld ex-US SmC",ETF,162.68,0.329987,0.20,0.00,0,17.38,0,302405,348250,162.91,123.47,162.91,162.09,162.15,162.35,9.362333,2026-05-12T05:52:40.897Z
DLS,"WisdomTree International SmallC",ETF,88.3829,-0.084404,-0.10,0.00,0,14.95,0,13000,24160,89.37,70.57,88.715,88.3829,88.53,88.4673,5.913683,2026-05-12T05:52:40.897Z
SCZ,"iShares MSCI EAFE Small-Cap ETF",ETF,85.89,0.0599976,0.07,0.00,0,17.05,0,737125,1629520,86.2145,68.07,86.2145,85.815,85.89,85.83,5.038805,2026-05-12T05:52:40.897Z
EWA,"iShares MSCI Australia Index Fu",ETF,29.59,0.0499992,0.17,1.95,0,21.15,0,2709299,1875060,30.48,24.94,29.7002,29.53,29.64,29.54,1.3993005,2026-05-12T05:52:40.897Z
EWH,"iShares MSCI Hong Kong Index Fu",ETF,24.32,0.039999,0.16,2.48,0,19.06,0,2108242,2516330,24.66,18.57,24.35,24.24,24.26,24.28,1.2758988,2026-05-12T05:52:40.897Z
THD,"iShares MSCI Thailand ETF",ETF,70.98,-0.779999,-1.09,0.00,0,16.24,0,30461,68360,75.06,48.08,71.3145,70.98,71.14,71.76,4.3719993,2026-05-12T05:52:40.897Z
PIN,"Invesco India ETF",ETF,23.98,0.529999,2.26,0.00,0,25.16,0,81768,29318,27.203,22.99,23.98,23.5761,23.55,23.45,0.9531392,2026-05-12T05:52:40.897Z
DGRO,"iShares Core Dividend Growth ET",ETF,73.14,0.139999,0.19,0.00,0,22.69,0,1607391,1466710,74.28,60.73,73.3,72.95,73.07,73,3.2240837,2026-05-12T05:52:40.897Z
DVY,"iShares Select Dividend ETF",ETF,152.21,-0.0699921,-0.05,2.32,0,15.41,0,249560,302250,160.38,128.96,153.02,151.865,152.76,152.28,9.876373,2026-05-12T05:52:40.897Z
HDV,"iShares Core High Dividend ETF",ETF,27.07,0.24,0.89,0.00,0,22.03,0,1684824,2131810,28.178,22.654,27.0899,26.95,26.95,26.83,1.228997,2026-05-12T05:52:40.897Z
NOBL,"ProShares S&P 500 Dividend Aris",ETF,106.5,-0.57,-0.53,0.00,0,22.46,0,284187,405410,115.31,98.25,107.433,106.255,107.05,107.07,4.741416,2026-05-12T05:52:40.897Z
SDY,"State Street SPDR S&P Dividend ",ETF,147.75,-0.259995,-0.18,0.00,0,20.17,0,198739,231040,156.39,131.96,148.66,147.5,148.52,148.01,7.324917,2026-05-12T05:52:40.897Z
FDN,"First Trust DJ Internet Index F",ETF,263.76,-3.84,-1.43,0.00,0,28.76,0,1050364,498710,287.81,224.47,267.27,263.2,265.47,267.6,9.169998,2026-05-12T05:52:40.897Z
HACK,"Amplify Cybersecurity ETF",ETF,85.35,-0.270004,-0.32,0.00,0,31.18,0,131239,110370,89.59,69.66,85.91,84.57,85,85.62,2.7372952,2026-05-12T05:52:40.897Z
CIBR,"First Trust NASDAQ Cybersecurit",ETF,75.43,0.110001,0.15,0.00,0,32.27,0,1220780,1432560,78.34,60.07,75.675,74.77,74.995,75.32,2.337817,2026-05-12T05:52:40.897Z
BOTZ,"Global X Robotics & Artificial ",ETF,41.31,-0.139999,-0.34,0.00,0,41.13,0,1054051,1201400,41.515,30.12,41.515,41.2,41.28,41.45,1.004314,2026-05-12T05:52:40.897Z
ROBO,"ROBO Global Robotics and Automa",ETF,87.02,0.439995,0.51,0.00,0,34.96,0,226153,142480,87.49,54.78,87.49,86.4301,86.71,86.58,2.488832,2026-05-12T05:52:42.519Z
TAN,"Invesco Solar ETF",ETF,63.05,1.11,1.79,0.00,0,24.34,0,1555805,1293460,64.14,30.57,64.14,61.77,61.77,61.94,2.5905929,2026-05-12T05:52:42.519Z
ICLN,"iShares Global Clean Energy ETF",ETF,21.73,0.57,2.69,0.00,0,23.29,0,9834938,7930060,22.06,12.31,22.06,21.27,21.3,21.16,0.9331961,2026-05-12T05:52:42.519Z
PBW,"Invesco WilderHill Clean Energy",ETF,41.95,1.5,3.71,1.19,0,41.64,0,1522305,687880,42.69,16.75,42.69,40.18,40.245,40.45,1.0074247,2026-05-12T05:52:42.519Z
QCLN,"First Trust NASDAQ Clean Edge G",ETF,62.13,2.32,3.88,0.00,0,33.56,0,222450,242470,62.77,29.57,62.735,60,60,59.81,1.8515805,2026-05-12T05:52:42.519Z
ACES,"ALPS Clean Energy ETF",ETF,37.83,0.790001,2.13,0.00,0,23.57,0,290565,81430,38.69,23.82,38.69,37.045,37.12,37.04,1.6051484,2026-05-12T05:52:42.519Z
LIT,"Global X Lithium & Battery Tech",ETF,91.62,1.45,1.61,0.00,0,27.64,0,789315,462550,91.98,35.62,91.98,90.1,90.42,90.17,3.3142946,2026-05-12T05:52:42.519Z
REMX,"VanEck Rare Earth and Strategic",ETF,109.53,3.15,2.96,0.00,0,45.85,0,1589746,1487660,111.55,35.72,111.01,108.22,108.46,106.38,2.3889925,2026-05-12T05:52:42.519Z
COPX,"Global X Copper Miners ETF",ETF,87.59,1.62,1.88,0.00,0,23.15,0,6028670,4188880,99.99,39.04,88.83,86.76,86.76,85.97,3.783067,2026-05-12T05:52:42.519Z
SIL,"Global X Silver Miners ETF",ETF,101.95,4.71,4.84,0.00,0,26.62,0,2097686,2333450,119.24,38.64,102.775,99.0007,99.19,97.24,3.830199,2026-05-12T05:52:42.519Z
SGOL,"abrdn Physical Gold Shares ETF",ETF,45.09,0.0999985,0.22,0.00,0,0.00,0,1709329,2323740,52.84,30.2,45.22,44.84,45.03,44.99,0,2026-05-12T05:52:42.519Z
SLV,"iShares Silver Trust",ETF,78,4.99,6.83,0.00,0,0.00,0,36629218,22506650,109.83,29.1,78,76.145,77.05,73.01,-3.46,2026-05-12T05:52:42.519Z
PALL,"abrdn Physical Palladium Shares",ETF,137.42,2.70999,2.01,0.00,0,0.00,0,224867,180240,197.41,86.53,138.04,136.0853,138.15,134.71,0,2026-05-12T05:52:42.519Z
PPLT,"abrdn Physical Platinum Shares ",ETF,192.96,6.95001,3.74,0.00,0,0.00,0,267567,250970,261.62,89.55,193.59,190,191.34,186.01,0,2026-05-12T05:52:42.519Z
UNG,"United States Natural Gas Fund ",ETF,11.22,0.650001,6.15,0.00,0,0.00,0,10002179,12381250,18.54,9.95,11.25,10.94,10.95,10.57,-1.208,2026-05-12T05:52:42.519Z
DBA,"Invesco DB Agriculture Fund",ETF,28.33,0.360001,1.29,3.26,0,11.96,0,1461651,2059400,28.39,25.4,28.385,28.18,28.21,27.97,2.368,2026-05-12T05:52:42.519Z
CORN,"Teucrium Corn Fund ETV",ETF,18.76,0.15,0.81,0.00,0,0.00,0,597392,849720,19.13,16.61,18.82,18.64,18.72,18.61,0,2026-05-12T05:52:42.519Z
WEAT,"Teucrium Wheat Fund ETV",ETF,23.99,0.58,2.48,0.00,0,0.00,0,726761,1032060,25.24,19.78,24,23.53,23.64,23.41,0,2026-05-12T05:52:42.519Z
SOYB,"Teucrium Soybean Fund ETV",ETF,25.08,0.0799999,0.32,0.00,0,0.00,0,114611,152170,25.28,21.06,25.21,25.07,25.21,25,0,2026-05-12T05:52:42.519Z
VNM,"VanEck Vietnam ETF",ETF,19.49,-0.280001,-1.42,0.00,0,17.61,0,599852,632030,19.85,12.6,19.57,19.4,19.56,19.77,1.1066617,2026-05-12T05:52:42.519Z
RSX,"VanEck Russia ETF",ETF,5.65,0,0.00,0.00,0,7.18,0,0,0,5.65,5.6187,5.65,5.65,5.47,5.65,0.7866546,2026-05-12T05:52:42.519Z
KWEB,"KraneShares CSI China Internet ",ETF,29.59,0.0400009,0.14,0.00,0,14.72,0,21067022,24875700,43.365,27.62,29.81,29.48,29.525,29.55,2.0099874,2026-05-12T05:52:42.519Z
CQQQ,"Invesco China Technology ETF",ETF,54.75,1.11,2.07,0.00,0,24.81,0,1164727,1141270,61.2,40.39,54.93,54.445,54.53,53.64,2.2072027,2026-05-12T05:52:42.519Z
KBA,"KraneShares Bosera MSCI China A",ETF,34.55,0.809998,2.40,0.00,0,18.17,0,25288,45390,34.6,23.44,34.6,34.4165,34.37,33.74,1.9018776,2026-05-12T05:52:42.519Z
CNYA,"iShares MSCI China A ETF",ETF,38.39,0.799999,2.13,0.00,0,18.53,0,62516,75580,38.49,27.63,38.4896,38.2401,38.13,37.59,2.0723195,2026-05-12T05:52:42.519Z
GXC,"State Street SPDR S&P China ETF",ETF,97.64,0.110001,0.11,0.00,0,13.62,0,29068,28660,107.01,83.2,98.9508,97.64,98.38,97.53,7.1676455,2026-05-12T05:52:42.519Z
EWW,"iShares MSCI Mexico ETF",ETF,80.22,0.349998,0.44,1.10,0,13.44,0,720689,1240660,81.65,57.28,80.95,79.6,79.76,79.87,5.969964,2026-05-12T05:52:42.519Z
GOVT,"iShares U.S. Treasury Bond ETF",ETF,22.765,-0.0500011,-0.22,0.00,0,0.00,0,7845039,6661380,23.39,22.48,22.8099,22.76,22.805,22.815,0,2026-05-12T05:52:42.519Z
SCHO,"Schwab Short-Term U.S. Treasury",ETF,24.18,-0.0200005,-0.08,0.00,0,0.00,0,2766548,2842200,24.46,24.13,24.19,24.17,24.19,24.2,0,2026-05-12T05:52:42.519Z
SCHP,"Schwab U.S. TIPs ETF",ETF,26.85,-0.0100002,-0.04,0.00,0,0.00,0,2005652,2958810,27.19,26.2,26.87,26.83,26.86,26.86,0,2026-05-12T05:52:42.519Z
SCHZ,"Schwab US Aggregate Bond ETF",ETF,23.13,-0.0700016,-0.30,0.00,0,0.00,0,1954364,2680850,23.73,22.64,23.22,23.13,23.14,23.2,0,2026-05-12T05:52:42.519Z
VGIT,"Vanguard Intermediate-Term Trea",ETF,59.11,-0.130001,-0.22,0.00,0,0.00,0,2209409,2543610,60.76,58.6,59.2199,59.1,59.21,59.24,0,2026-05-12T05:52:42.519Z
VGLT,"Vanguard Long-Term Treasury ETF",ETF,54.72,-0.299999,-0.55,0.00,0,0.00,0,1160010,1876900,58.44,53.18,54.935,54.7,54.91,55.02,0,2026-05-12T05:52:42.519Z
BSV,"Vanguard Short-Term Bond ETF",ETF,78.05,-0.0999985,-0.13,0.00,0,0.00,0,2452338,2157180,79.32,77.78,78.13,78.05,78.12,78.15,0,2026-05-12T05:52:42.519Z
BIV,"Vanguard Intermediate-Term Bond",ETF,76.82,-0.190002,-0.25,0.00,0,0.00,0,1006729,1675200,79.09,75.28,76.96,76.8101,76.94,77.01,0,2026-05-12T05:52:42.519Z
BLV,"Vanguard Long-Term Bond ETF",ETF,68.43,-0.339996,-0.49,0.00,0,0.00,0,395233,601500,72.63,65.71,68.678,68.43,68.62,68.77,0,2026-05-12T05:52:42.519Z
JPST,"JPMorgan Ultra-Short Income ETF",ETF,50.5,0,0.00,0.00,0,0.00,0,4304846,6582640,50.79,50.42,50.51,50.49,50.49,50.5,0,2026-05-12T05:52:42.519Z
IAU,"iShares Gold Trust Shares",ETF,89.06,0.189995,0.21,0.00,0,0.00,0,2906872,5834850,104.4,59.71,89.33,88.575,88.97,88.87,-1.65,2026-05-12T05:52:42.519Z
BAR,"GraniteShares Gold Trust Shares",ETF,46.63,0.120003,0.26,0.00,0,0.00,0,309398,295150,54.625,31.23,46.71,46.4,46.57,46.51,0,2026-05-12T05:52:42.519Z
OUNZ,"VanEck Merk Gold ETF",ETF,45.52,0.0900002,0.20,0.00,0,0.00,0,468075,518190,53.35,30.515,45.65,45.29,45.47,45.43,0,2026-05-12T05:52:42.519Z
GLDM,"SPDR Gold MiniShares Trust",ETF,93.69,0.200005,0.21,0.00,0,0.00,0,2513167,3227640,109.74,62.7,93.96,93.16,93.56,93.49,0,2026-05-12T05:52:42.519Z
PHYS," Sprott Physical Gold Trust ",ETF,35.88,0.0800018,0.22,0.00,0,2.76,17060397056,2567468,3506880,42.07,24.07,36,35.69,35.78,35.8,13.01,2026-05-12T05:52:42.519Z
DGL,"Invesco DB Gold Fund",ETF,51.9553,0.7118,1.39,0.00,0,0.00,0,4004,400,54.46,48.8108,51.9553,51.26,51.2101,51.2435,-5.408,2026-05-12T05:52:42.519Z
DBO,"Invesco DB Oil Fund",ETF,22.17,0.84,3.94,2.01,0,4.40,0,804533,1130140,23.25,11.89,22.39,21.705,21.77,21.33,5.04,2026-05-12T05:52:42.519Z
BNO,"United States Brent Oil Fund  L",ETF,55.02,1.91,3.60,0.00,0,0.00,0,2646760,4434120,60.81,26.59,55.72,54.25,54.48,53.11,0,2026-05-12T05:52:42.519Z
OIL,"iPath Pure Beta Crude Oil ETN",ETF,28.42,0.27,0.96,0.00,0,0.00,0,10303,0,31.449,25.31,28.4498,28.1044,28.31,28.15,0,2026-05-12T05:52:42.519Z
UGA,"United States Gasoline Fund LP",ETF,119.57,2.83,2.42,0.00,0,0.00,0,37721,64480,124.6,57.63,120.98,118.3,118.48,116.74,0,2026-05-12T05:52:42.519Z
VHT,"Vanguard Health Care ETF",ETF,267.95,-1.03,-0.38,1.06,0,25.15,0,260074,201290,298.61,234.13,271.8,267.33,269.19,268.98,10.654359,2026-05-12T05:52:42.519Z
IHI,"iShares U.S. Medical Devices ET",ETF,47.55,-1.46,-2.98,0.00,0,28.13,0,4833622,2881030,64.71,47.365,49.03,47.365,48.88,49.01,1.6905966,2026-05-12T05:52:42.519Z
IYH,"iShares U.S. Healthcare ETF",ETF,60.23,-0.189999,-0.31,4.82,0,26.04,0,446183,487390,67.63,53.35,61.02,60.075,60.43,60.42,2.3127072,2026-05-12T05:52:42.519Z
XPH,"State Street SPDR S&P Pharmaceu",ETF,58.38,-0.5,-0.85,0.41,0,19.35,0,25314,41880,60.73,38.95,59.57,58.22,58.97,58.88,3.0174613,2026-05-12T05:52:44.119Z
PBE,"Invesco Biotechnology & Genome ",ETF,82.53,0.148697,0.18,0.69,0,19.45,0,1576,5080,85.73,59.75,83.195,82.53,82.92,82.3813,4.2426634,2026-05-12T05:52:44.119Z
FBT,"First Trust Amex Biotech Index ",ETF,209.35,-0.189987,-0.09,0.01,0,26.91,0,55231,138480,224.94,152.98,212.325,208.775,209.75,209.54,7.780583,2026-05-12T05:52:44.119Z
VDE,"Vanguard Energy ETF",ETF,162.46,4.08,2.58,1.56,0,20.91,0,483785,675700,179.34,112.72,162.66,160.07,159.71,158.38,7.7712264,2026-05-12T05:52:44.119Z
IYE,"iShares U.S. Energy ETF",ETF,60.63,1.54,2.61,1.40,0,20.24,0,845794,1195020,67.07,42.88,60.68,59.68,59.7,59.09,2.9955218,2026-05-12T05:52:44.119Z
XOP,"State Street SPDR S&P Oil & Gas",ETF,168.66,3.5,2.12,0.84,0,13.45,0,2512003,3953110,190.36,118.14,169.27,166.83,167.7,165.16,12.538855,2026-05-12T05:52:44.119Z
VFH,"Vanguard Financials ETF",ETF,125.69,-0.439995,-0.35,0.00,0,16.55,0,546222,495940,137.89,116.67,126.49,125.39,126.08,126.13,7.594745,2026-05-12T05:52:44.119Z
KBE,"State Street SPDR S&P Bank ETF",ETF,62.92,-1.13,-1.76,0.00,0,12.39,0,6015458,2306600,67.75,51.72,64.43,62.765,64.24,64.05,5.078713,2026-05-12T05:52:44.119Z
KRE,"State Street SPDR S&P Regional ",ETF,68.55,-1.3,-1.86,0.00,0,12.31,0,20639653,12309280,74.08,55.37,70.28,68.365,70.06,69.85,5.568442,2026-05-12T05:52:44.119Z
IAI,"iShares U.S. Broker-Dealers & S",ETF,177.82,0.330002,0.19,0.00,0,21.38,0,171878,68550,191.62,151.28,178.11,175.59,177,177.49,8.31668,2026-05-12T05:52:44.119Z
VIS,"Vanguard Industrials ETF",ETF,341.95,3.08002,0.91,0.65,0,31.13,0,79543,79540,347.09,263.6,343.325,338.395,338.58,338.87,10.983899,2026-05-12T05:52:44.119Z
ITB,"iShares U.S. Home Construction ",ETF,91.49,-1.51,-1.62,0.00,0,14.90,0,1267520,1893980,118,87.02,93.11,91.49,92.9,93,6.1390953,2026-05-12T05:52:44.119Z
XHB,"State Street SPDR S&P Homebuild",ETF,101.59,-0.920006,-0.90,0.00,0,17.66,0,1676084,2192470,123.13,91.71,102.705,101.5,102.8,102.51,5.75368,2026-05-12T05:52:44.119Z
VCR,"Vanguard Consumer Discretion ET",ETF,394.54,-3.91,-0.98,0.00,0,29.47,0,35526,70220,414.28,346.48,396.52,392.68,395.86,398.45,13.389858,2026-05-12T05:52:44.119Z
FDIS,"Fidelity MSCI Consumer Discreti",ETF,102.48,-1.00999,-0.98,0.00,0,28.20,0,47119,66700,107.45,89.95,102.91,101.9501,102.71,103.49,3.634048,2026-05-12T05:52:44.119Z
XRT,"State Street SPDR S&P Retail ET",ETF,81.66,-3.06,-3.61,0.61,0,17.31,0,5559245,4681950,91.65,73.87,84.57,81.52,84.51,84.72,4.716184,2026-05-12T05:52:44.119Z
RTH,"VanEck Retail ETF",ETF,262.0219,-4.413086,-1.66,0.00,0,29.29,0,4648,7900,272,230.4,264.84,262,264.69,266.435,8.946806,2026-05-12T05:52:44.119Z
VPU,"Vanguard Utilities ETF",ETF,195.62,1.72,0.89,2.24,0,22.02,0,155950,197800,206.1,168.84,196.33,194.5,195.13,193.9,8.884523,2026-05-12T05:52:44.119Z
IDU,"iShares U.S. Utilities ETF",ETF,113.77,0.93,0.82,2.02,0,22.33,0,44239,222440,120.82,100.33,113.9897,113.2453,113.64,112.84,5.095181,2026-05-12T05:52:44.119Z
FUTY,"Fidelity MSCI Utilities Index E",ETF,58.38,0.530003,0.92,0.00,0,21.70,0,463262,302080,61.51,50.35,58.58,58.02,58.22,57.85,2.6908202,2026-05-12T05:52:44.119Z
SKYY,"First Trust Cloud Computing ETF",ETF,128.16,-1.73,-1.33,0.00,0,34.01,0,197602,256790,143.74,103.76,130.255,127.42,129,129.89,3.767782,2026-05-12T05:52:44.119Z
CLOU,"Global X Cloud Computing ETF",ETF,22.48,-0.470001,-2.05,0.00,0,32.18,0,404768,334590,24.32,17.52,23.1,22.33,22.75,22.95,0.6985506,2026-05-12T05:52:44.119Z
FIVG,"FIVG 136311 166600",ETF,42.32,-0.10300064,-0.24,0.00,0,25.38,0,30311,52070,44.21,28.75,42.26,41.77,42.26,42.423,1.6674509,2026-05-12T05:52:44.119Z
VGI,"Virtus Global Multi-Sector Inco",ETF,7.5,-0.0100002,-0.13,0.00,0,10.14,84848208,44199,42170,8.09,7.2,7.5999,7.496,7.52,7.51,0.74,2026-05-12T05:52:44.119Z
IYR,"iShares U.S. Real Estate ETF",ETF,102.84,0.0699997,0.07,1.81,0,28.79,0,4119146,4879070,103.59,91.4,103.51,102.52,102.8,102.77,3.5715241,2026-05-12T05:52:44.119Z
USRT,"iShares Core U.S. REIT ETF",ETF,65.13,0.0199966,0.03,0.00,0,30.06,0,321767,487720,65.51,55.13,65.49,64.92,65.25,65.11,2.1669946,2026-05-12T05:52:44.119Z
RWR,"State Street SPDR Dow Jones REI",ETF,110.5,0.0899963,0.08,3.09,0,32.34,0,308143,292970,111.18,94.3,111.18,110.12,110.56,110.41,3.41689,2026-05-12T05:52:44.119Z
SCHH,"Schwab U.S. REIT ETF",ETF,23.55,0.0199986,0.08,0.00,0,30.87,0,3360282,5562800,23.71,20.56,23.71,23.475,23.57,23.53,0.76288074,2026-05-12T05:52:44.119Z
ICF,"iShares Select U.S. REIT ETF",ETF,68.01,0.190002,0.28,1.74,0,31.04,0,88665,132380,68.45,58.91,68.36,67.77,67.81,67.82,2.191133,2026-05-12T05:52:44.119Z
REZ,"iShares Residential and Multise",ETF,91.4,0.230003,0.25,0.00,0,36.59,0,24120,33760,91.8,80.45,91.7495,91.02,91.26,91.17,2.4982042,2026-05-12T05:52:44.119Z
MORT,"VanEck Mortgage REIT Income ETF",ETF,10.33,-0.17,-1.62,0.00,0,8.98,0,1030260,606550,11.44,9.7,10.48,10.325,10.48,10.5,1.1498345,2026-05-12T05:52:44.119Z
REM,"iShares Mortgage Real Estate ET",ETF,22.46,-0.320002,-1.40,0.00,0,8.98,0,328315,510590,24.05,20.35,22.81,22.4368,22.81,22.78,2.5020437,2026-05-12T05:52:44.119Z
IYW,"iShares U.S. Technology ETF",ETF,240.04,1.39999,0.59,0.01,0,37.61,0,936461,1173660,241.06,154.02,241.055,238.2,238.5,238.64,6.381899,2026-05-12T05:52:44.119Z
IGV,"iShares Expanded Tech-Software ",ETF,90.69,-0.459999,-0.50,0.00,0,34.80,0,12999555,19961800,117.99,73.93,90.79,89.805,90.095,91.15,2.6062448,2026-05-12T05:52:44.119Z
QTEC,"First Trust NASDAQ-100-Technolo",ETF,297.8,2.88998,0.98,0.00,0,39.15,0,108061,146920,297.9,189.59,297.9,294.6,295.43,294.91,7.606954,2026-05-12T05:52:44.119Z
VONG,"Vanguard Russell 1000 Growth ET",ETF,127.15,-0.0299988,-0.02,0.00,0,37.07,0,1492664,1526130,127.67,99.91,127.67,126.29,126.31,127.18,3.4300065,2026-05-12T05:52:44.119Z
MGK,"Vanguard Mega Cap Growth ETF",ETF,88.04,-0.0800018,-0.09,0.00,0,39.12,0,1774850,1401600,88.5,67.066,88.5,87.43,87.5,88.12,2.2502637,2026-05-12T05:52:44.119Z
RPG,"Invesco S&P 500 Pure Growth ETF",ETF,58.24,0.690002,1.20,0.00,0,35.41,0,535243,567490,58.48,41.69,58.465,57.62,57.67,57.55,1.6449337,2026-05-12T05:52:44.119Z
IWP,"iShares Russell Midcap Growth E",ETF,137.77,0.380005,0.28,0.23,0,32.00,0,823361,754890,145.6,122.94,138.165,136.92,137,137.39,4.30467,2026-05-12T05:52:44.119Z
IWO,"iShares Russell 2000 Growth Fun",ETF,372.81,3.82001,1.04,0.32,0,24.99,0,334774,294590,375.7,262.24,374.73,369.59,369.59,368.99,14.9170265,2026-05-12T05:52:44.119Z
IWN,"iShares Russell 2000 Value ETF",ETF,211.2,-0.430008,-0.20,0.97,0,16.11,0,648305,721110,213.19,146.9,212.835,210.97,212.43,211.63,13.109026,2026-05-12T05:52:44.119Z
VIOO,"Vanguard S&P Small-Cap 600 ETF",ETF,126.86,-1.03,-0.81,0.00,0,18.42,0,86703,110310,128.86,94.9,128.32,126.81,128.12,127.89,6.8869543,2026-05-12T05:52:44.119Z
VIOG,"Vanguard S&P Small-Cap 600 Grow",ETF,140.16,-0.25,-0.18,0.00,0,20.54,0,17638,55620,141.54,108.44,141.0962,139.99,141,140.41,6.8241415,2026-05-12T05:52:44.119Z
SLYV,"State Street SPDR S&P 600 Small",ETF,102.54,-1.11,-1.07,0.90,0,16.36,0,243307,253370,104.37,74.95,104.05,102.47,103.92,103.65,6.2691584,2026-05-12T05:52:44.119Z
SLYG,"State Street SPDR S&P 600 Small",ETF,108.85,-0.43,-0.39,0.00,0,20.37,0,98025,162140,110,83.55,109.46,108.6701,109.5,109.28,5.342889,2026-05-12T05:52:44.119Z
IJS,"iShares S&P SmallCap 600 Value ",ETF,128.47,-1.31,-1.01,0.84,0,16.37,0,152942,278860,130.85,93.17,130.36,128.4,130.14,129.78,7.8479033,2026-05-12T05:52:44.119Z
IJJ,"iShares S&P Mid-Cap 400 Value E",ETF,140.58,-1.17999,-0.83,1.00,0,17.31,0,107597,123660,144.76,117.41,141.63,140.54,142.08,141.76,8.120209,2026-05-12T05:52:44.119Z
IJT,"iShares S&P SmallCap 600 Growth",ETF,163,-0.630005,-0.39,0.34,0,20.39,0,90671,121060,164.85,125.24,164.01,162.7701,163.73,163.63,7.993755,2026-05-12T05:52:44.119Z
VXF,"Vanguard Extended Market ETF",ETF,229.51,0.00999451,0.00,0.77,0,21.67,0,260311,319640,233.48,178.03,230.7,229.29,229.54,229.5,10.5930395,2026-05-12T05:52:44.119Z
VTWO,"Vanguard Russell 2000 ETF",ETF,115.31,0.470001,0.41,0.00,0,20.67,0,1534330,2312780,116.2,80.71,115.99,115.02,115.18,114.84,5.5787992,2026-05-12T05:52:44.119Z
VTWG,"Vanguard Russell 2000 Growth ET",ETF,272.0165,2.5265198,0.94,0.00,0,26.22,0,14386,17060,274.4,192.02,273.26,269.72,269.72,269.49,10.375425,2026-05-12T05:52:45.714Z
VTWV,"Vanguard Russell 2000 Value ETF",ETF,186.15,-0.340012,-0.18,0.00,0,16.92,0,22575,30280,187.92,129.36,187.47,186.0101,186.68,186.49,11.001404,2026-05-12T05:52:45.714Z
IWC,"iShares Microcap ETF",ETF,187.21,1.53001,0.82,0.00,0,19.49,0,240919,280630,189.5,115.75,189.5,186.06,185.98,185.68,9.605868,2026-05-12T05:52:45.714Z
FSMD,"Fidelity Small-Mid Multifactor ",ETF,49.88,-0.0399971,-0.08,0.00,0,19.41,0,136399,132850,50.44,39.61,50.19,49.82,50.14,49.92,2.5693545,2026-05-12T05:52:45.714Z
ESML,"iShares ESG Aware MSCI USA Smal",ETF,52.27,-0.200001,-0.38,0.00,0,20.30,0,82782,86700,52.71,38.6,52.5718,52.24,52.57,52.47,2.5746768,2026-05-12T05:52:45.714Z
IJK,"iShares S&P Mid-Cap 400 Growth ",ETF,112.9,0.18,0.16,0.39,0,28.37,0,258693,249890,114.71,86.2,113.19,112.6,112.84,112.72,3.9798732,2026-05-12T05:52:45.714Z
SMMV,"iShares MSCI USA Small-Cap Min ",ETF,44.45,-0.369801,-0.83,0.00,0,17.99,0,5738,10500,46.362,41.02,44.86,44.44,44.86,44.8198,2.4710665,2026-05-12T05:52:45.714Z
EEMV,"iShares MSCI Emerging Markets M",ETF,73.51,0.0200043,0.03,0.00,0,17.41,0,168797,231870,73.73,60.67,73.72,73.39,73.29,73.49,4.222054,2026-05-12T05:52:45.714Z
EFAV,"iShares MSCI EAFE Min Vol Facto",ETF,91.28,0.0599976,0.07,0.00,0,18.30,0,321792,524200,95.13,80.66,91.59,91.2,91.33,91.22,4.9879036,2026-05-12T05:52:45.714Z
SPLV,"Invesco S&P 500 Low Volatility ",ETF,72.66,0.0300064,0.04,0.00,0,21.90,0,2260535,2220460,77.74,69.63,72.95,72.36,72.77,72.63,3.3177845,2026-05-12T05:52:45.714Z
USMV,"iShares MSCI USA Min Vol Factor",ETF,94.1,0.0699997,0.07,0.00,0,22.92,0,1401073,2265890,98.07,91.02,94.42,93.85,94.04,94.03,4.105483,2026-05-12T05:52:45.714Z
SPHD,"Invesco S&P 500 High Dividend L",ETF,49.61,0.0200005,0.04,0.00,0,16.68,0,750896,777580,53.07,46.385,49.89,49.44,49.78,49.59,2.9736862,2026-05-12T05:52:45.714Z
COWZ,"Pacer US Cash Cows 100 ETF",ETF,63.25,-0.0699997,-0.11,0.00,0,17.55,0,933746,928680,64.975,52.82,63.8201,63.105,63.51,63.32,3.6035576,2026-05-12T05:52:45.714Z
FDL,"First Trust Morningstar ETF",ETF,49.12,0.0900002,0.18,0.00,0,15.88,0,414984,821100,51.46,40.94,49.4,49.02,49.25,49.03,3.0924938,2026-05-12T05:52:45.714Z
FDVV,"Fidelity High Dividend ETF",ETF,59.24,-0.269997,-0.45,0.00,0,19.11,0,749449,670190,60.12,49.1,59.505,59.145,59.43,59.51,3.099403,2026-05-12T05:52:45.714Z
DGRW,"WisdomTree U.S. Quality Dividen",ETF,95.02,0.0199966,0.02,0.00,0,25.91,0,408802,607480,95.4,79.19,95.17,94.67,94.67,95,3.6675348,2026-05-12T05:52:45.714Z
DTD,"WisdomTree U.S. Total Dividend ",ETF,91.06,0.0599976,0.07,0.00,0,21.86,0,9864,27970,91.7,75.5,91.34,90.965,91.01,91,4.164649,2026-05-12T05:52:45.714Z
VOOG,"Vanguard S&P 500 Growth ETF",ETF,81.86,0.230003,0.28,0.00,0,35.24,0,1558107,1433730,82.19,60.55,82.19,81.23,81.26,81.63,2.3229866,2026-05-12T05:52:45.714Z
IVW,"iShares S&P 500 Growth ETF",ETF,136.23,0.449997,0.33,0.32,0,32.48,0,2106984,1988810,136.73,100.76,136.73,135.11,135.22,135.78,4.194484,2026-05-12T05:52:45.714Z
SPYG,"State Street SPDR Portfolio S&P",ETF,117.91,0.350006,0.30,0.39,0,32.40,0,2858049,2876280,118.3941,87.22,118.3941,116.93,117.04,117.56,3.6391883,2026-05-12T05:52:45.714Z
VV,"Vanguard Large-Cap ETF",ETF,339.72,0.670013,0.20,0.77,0,29.45,0,237236,393780,340.4,265.35,340.37,338.22,338.22,339.05,11.535225,2026-05-12T05:52:45.714Z
MGC,"Vanguard Mega Cap ETF",ETF,271.53,0.470001,0.17,0.00,0,30.56,0,76108,112850,272.11,208.51,272.11,270.24,270.24,271.06,8.884397,2026-05-12T05:52:45.714Z
RPV,"Invesco S&P 500 Pure Value ETF",ETF,110.36,-0.360001,-0.33,0.00,0,15.90,0,90820,81180,113.93,89.04,111.34,110.06,111.09,110.72,6.9421353,2026-05-12T05:52:45.714Z
VFVA,"Vanguard Wellington Fund ETF",ETF,142.555,-2.06291,-1.43,0.00,0,10.53,0,5555,6480,145.5,111.24,145.49,142.4494,145.49,144.618,13.532639,2026-05-12T05:52:45.714Z
VLUE,"iShares MSCI USA Value Factor E",ETF,185.19,2.60001,1.42,0.00,0,20.22,0,1522382,1098610,186.95,105.25,186.84,183.825,185.75,182.59,9.160244,2026-05-12T05:52:45.714Z
VOOV,"Vanguard S&P 500 Value ETF",ETF,216.84,0.220001,0.10,0.00,0,24.34,0,60008,73480,217.62,179.11,217.16,216.39,216.86,216.62,8.907662,2026-05-12T05:52:45.714Z
IVE,"iShares S&P 500 Value ETF",ETF,224.58,0.320007,0.14,1.27,0,23.48,0,577115,625290,225.34,185.34,225,224.03,224.6,224.26,9.566366,2026-05-12T05:52:45.714Z
SPYV,"State Street SPDR Portfolio S&P",ETF,60.16,0.0600014,0.10,1.38,0,23.58,0,3337377,2709830,60.37,49.68,60.3,60.015,60.21,60.1,2.551487,2026-05-12T05:52:45.714Z
IUSV,"iShares Core S&P U.S. Value ETF",ETF,108.72,0.0699997,0.06,1.33,0,23.05,0,560247,697890,109.18,89.9,109,108.52,108.9,108.65,4.716688,2026-05-12T05:52:45.714Z
FNDB,"Schwab Fundamental U.S. Broad M",ETF,29.72,0.0199986,0.07,0.00,0,20.98,0,112643,139570,29.82,22.69,29.82,29.67,29.78,29.7,1.416492,2026-05-12T05:52:45.714Z
FNDX,"Schwab Fundamental U.S. Large C",ETF,30.41,0.0300007,0.10,0.00,0,21.12,0,2036451,2392060,30.51,23.18,30.5058,30.36,30.45,30.38,1.4401073,2026-05-12T05:52:45.714Z
PWB,"Invesco Large Cap Growth ETF",ETF,155.17,1.34,0.87,0.05,0,39.06,0,129461,92110,155.54,106.8,155.54,153.79,153.79,153.83,3.9728086,2026-05-12T05:52:45.714Z
PWV,"Invesco Large Cap Value ETF",ETF,72.36,0.090004,0.12,1.20,0,16.34,0,66998,49180,73.55,58.76,72.525,72.225,72.44,72.27,4.427749,2026-05-12T05:52:45.714Z